PartID,Size,Color,RPM_Min,RPM_Max,NoiseLevel_Min,NoiseLevel_Max
c833695a-659a-43b3-94c5-30f21841838b,,,800.0,2000.0,6.5,26.0
ae6fa725-8828-4e9a-a11d-eb14049fc4e9,240.0,Black,650.0,1800.0,6.0,27.0
1a423e2a-0a5e-4331-8128-9d27f9a25aa1,,Black,1500.0,1500.0,12.8,24.3
5e67dd9e-fc51-48df-bec8-a42f11875c1c,,Black,300.0,1500.0,19.2,24.6
95e1ba58-1992-4a63-b409-0863940f56b1,360.0,Black,550.0,2100.0,5.0,34.1
82e0db77-847f-49dd-af77-c266e044df29,,Black,1550.0,1550.0,25.6,25.6
1c5a886a-0002-4f5a-856a-a112c41e9b86,360.0,White,500.0,1800.0,17.9,30.6
4d8753ae-3923-492b-89a5-60e9dc6a6f0c,360.0,Black,800.0,2000.0,,
26f6c3e9-161d-4740-9035-cbd76ca29d26,,Black / Silver,500.0,1850.0,29.0,29.0
e8a08df9-7e03-47bf-8a53-70942ec2be8e,,Black,500.0,2000.0,31.6,31.6
83f06f53-f5f3-43b0-b74f-11bb99f74b24,240.0,Black,500.0,1800.0,17.9,30.6
718cb042-08b4-40d2-ac02-87d80d040c77,,Black / Silver,500.0,1850.0,28.0,28.0
163190e3-da40-4ace-96f2-1cc56c9e0385,,,300.0,1500.0,19.2,24.6
85e1f315-3be5-4993-b7f8-3b3fa1f202ba,240.0,White,500.0,1800.0,17.9,30.6
ed581aad-3452-4820-a7db-21a38947806e,,Black,300.0,1500.0,18.6,22.4
9aa1009d-b7bd-4ac4-81bb-ff6532872ff8,240.0,Black,400.0,1850.0,5.0,28.9
3e2744fe-ee31-4e3f-a7b4-fae16cfbfc3c,360.0,Black,550.0,2100.0,5.0,34.1
67d4a61c-6fed-4916-9236-46aa885d6b68,,Black,1500.0,1500.0,19.1,26.8
e984af38-6e74-48bd-8903-fa14f82d2351,240.0,Black,200.0,1800.0,,
88efcc67-b1a1-41f2-bb4a-a95746bcc2e8,240.0,,700.0,1800.0,18.0,35.2
a2eaefba-0bd0-45d4-b0d5-27eba7095408,,Black / Silver,1550.0,1550.0,25.6,25.6
7c64f7e4-9ca8-4da3-adae-92c5722e9bb8,360.0,Black / Gray,500.0,2250.0,32.9,32.9
899e1307-e724-4826-8add-851c9158eb00,360.0,Black,500.0,2000.0,21.0,36.0
29d17cb1-2754-401d-adc6-a3e596b9686f,,,650.0,2000.0,8.0,30.0
1ef4b340-7314-4e7b-958a-7102ffb566c7,,Black,500.0,1850.0,28.0,28.0
033828f6-7634-4be8-abe1-ee62a76f2790,360.0,Black,500.0,2250.0,32.9,32.9
0754c0dc-0d23-4dfa-b29a-fc832c1d9d7a,360.0,Black,500.0,1800.0,17.9,30.6
6af46a34-bbed-4542-b44f-88e4f703a7df,,White,1550.0,1550.0,25.6,25.6
77445f91-8820-437b-ba36-7afd6b1d6a34,,Black,500.0,1500.0,13.8,30.5
f2747793-9562-49d3-8f5b-5d41d36e6f09,,Gray,1550.0,1550.0,25.6,25.6
42944322-fe4e-4075-8345-9ecbd6b04b9b,240.0,Black,550.0,2100.0,5.0,34.1
ef377d87-34d0-4e59-8906-a149d7278533,360.0,,1000.0,2000.0,20.0,20.0
7b96fb67-e246-4206-b69c-50a23b16d20d,,Black,450.0,2000.0,18.8,22.6
b454eef2-2505-4c7a-9493-c84426251666,240.0,Black,500.0,2250.0,28.2,32.9
509020c8-7bec-4778-b1ce-dd1d47be958c,,White,500.0,1850.0,28.0,28.0
68fd6876-3ac5-46b0-b050-411897c99b44,280.0,Black,200.0,1700.0,,
2484b341-74cb-421c-b58b-3169bbdbf287,360.0,White,550.0,2100.0,,
8af04ee8-ed5c-4328-9c92-a7563fa3ef18,360.0,Black,500.0,1500.0,22.0,33.0
328e4188-2c78-4b6d-8b87-f3a9d3f66266,,Brown,600.0,2500.0,14.8,23.6
cdd9bc75-87ab-48bf-8d2d-c646ff50d703,,White,500.0,1850.0,29.0,29.0
ae0f866c-b65c-4421-9197-464ad1f61d94,360.0,White,500.0,1800.0,17.9,30.6
947c1589-6ce7-49be-bb40-aa54b3d43251,240.0,Black,1500.0,1500.0,7.0,28.0
c33a5db7-2560-493b-9aa9-cce80d916af5,360.0,Black,500.0,1800.0,17.9,30.6
7aa3e0cc-a1e5-41ff-b810-ecaa5aef8756,240.0,White,550.0,2100.0,5.0,34.1
6ca469f1-0e6d-4848-94f3-37192bd19687,240.0,Black,500.0,2000.0,14.3,34.3
3fe92028-d7ba-44f7-bc8a-3194e14e3ace,360.0,Black / Gray,200.0,1800.0,22.5,22.5
6488e4b4-c33b-42b8-93ae-53a247f9646e,,Black,600.0,2500.0,14.8,23.6
19301898-a25a-4500-afe1-076727240685,,Black / Silver,1550.0,1550.0,25.6,25.6
7f31d0f8-9ff3-407c-b003-a223dde6ddf4,,Silver / Black,1200.0,2800.0,22.0,22.0
840ec8cf-ed31-4a1f-9926-a7a4a0a73b60,,Black / Silver,1500.0,1500.0,25.6,25.6
b8dcefe0-d20d-408a-b8e6-5175c3cf9192,,,400.0,2000.0,16.3,22.8
c6d158e4-3397-474d-be73-a8814b74f836,360.0,Black,500.0,1800.0,17.9,30.6
3a1653de-c611-4d23-8576-68a4322fab8c,240.0,Black / Gray,500.0,2250.0,32.9,32.9
03bc5a54-b078-4d30-9fb3-e9c91ab574b5,360.0,White / Gray,550.0,2100.0,5.0,31.1
205c22d3-4827-4071-8a89-b5f90b6159d3,,Black / Silver,,,13.1,25.4
f29d6e8a-0af0-4787-8f1c-f1a97c6b49a7,280.0,Black,500.0,1800.0,21.0,38.0
147050ca-62b3-4951-bc54-f2b8d2df4923,120.0,Black,650.0,1800.0,6.0,27.0
2ad8deb3-b275-4104-a3bd-41f0bddd965c,,Black,600.0,2500.0,14.8,23.6
da140a97-fa77-45d0-8cf0-ec985b007345,360.0,Black,500.0,2000.0,14.3,34.3
19159b67-4166-436b-8a29-2999e15e5c12,,Black,500.0,1850.0,29.0,29.0
29c6681f-53ec-4414-9cb5-4a18374267c3,,White,1550.0,1550.0,25.6,25.6
357c0905-a8ec-4bb8-8a4a-1170acda16ca,360.0,Black,400.0,1850.0,19.0,35.8
a6b369d3-1374-4169-9804-9fa27ef4ea03,420.0,Black,200.0,1700.0,,
20f66b4d-c7ec-4a23-9d59-5bf2f91b84f7,,Black,1400.0,1400.0,,
8bdfbbd9-d374-4b9f-bafd-ccf851a49010,360.0,Black,500.0,2250.0,28.2,32.9
1d6607ad-eb56-4267-9e06-b6f8749f405a,,Black,400.0,2000.0,16.3,22.8
3cafab70-0d16-4b6f-9da0-74f787393f94,240.0,Black,500.0,1800.0,17.9,30.6
c08ad83c-2a64-40c6-a168-5336f5f1db8b,,Black,800.0,1700.0,30.8,30.8
aa8f2862-d251-4dd2-ae90-bfb7896f38bc,,,450.0,1850.0,16.8,23.9
2e7237df-26eb-440c-9737-d897f7773c6f,360.0,White,500.0,2250.0,32.9,32.9
531b4db2-b1be-4f96-862d-7dc564c5b545,,Black,500.0,1850.0,25.9,31.5
15b14ca7-9d1a-4161-a4f6-cf7b6d3ba764,360.0,Black,600.0,2200.0,36.45,36.45
b97d0843-0031-4a58-85d5-8cccee91b377,360.0,White / Black,500.0,1500.0,22.0,33.0
5a180449-2a48-4a4f-a107-76aa33b0c8b9,,Black,300.0,1500.0,19.2,24.6
9a790d44-2678-4549-a267-fd64c9fe2bec,360.0,White,2100.0,2100.0,29.0,29.0
40e6d16f-837a-4209-978d-88d50e1aa4ca,240.0,Black,2400.0,2400.0,10.0,37.0
2be81098-a07e-490f-ac55-c7424ef8cf02,240.0,White / Black,650.0,1800.0,8.0,27.0
783c9aa2-6463-4eae-bde3-e8a556b9e303,240.0,Black,500.0,2000.0,14.3,34.3
208f7a37-bd82-4bb1-bfa2-7b1f65918629,360.0,Black,650.0,1800.0,8.0,27.0
6af5ec78-2925-4373-85a9-32d9f7e684e7,,White,500.0,1500.0,13.8,30.5
a2491b13-6aaf-4bda-adae-611c69b638f5,360.0,Black,2100.0,2100.0,29.0,29.0
85da43d8-0bf2-4b9d-a24d-e395a3e72f82,280.0,Black,500.0,2000.0,21.0,38.0
d8e12f07-ab4b-44c2-b864-06311a2332f2,360.0,White,500.0,2250.0,32.9,32.9
76da2a09-706a-46c5-aa1e-f36db69aaf47,360.0,Black,480.0,2400.0,,
f451843e-aaa4-4c6f-b04e-0c7e688dd115,,Black,500.0,1700.0,22.6,29.3
d090c08f-600a-41e3-8348-ea09d5e6a004,360.0,Black,2300.0,3000.0,32.1,39.9
e0da11be-ad25-453b-8409-2a9f8f01db1d,,White / Black,200.0,2100.0,24.4,24.4
59e70029-d69f-4584-81c4-f5929e72ecd0,,,600.0,2500.0,14.8,23.6
903fdd2d-50b0-42ae-8aec-182aafac8fa0,,Black / Silver,200.0,1500.0,4.0,28.6
94a8e96a-3875-4ed5-ad4b-2b6610823c46,,Gray / Silver,450.0,1700.0,25.1,25.1
6d46f475-db78-4816-b828-68d9bfd6daa4,240.0,Black,500.0,2000.0,21.0,36.0
485aab9c-05e8-45e8-945f-73e3b174fc36,,Black / Silver,1500.0,1500.0,25.6,25.6
6eb9b36c-92c0-4ca7-af85-5d1af0689459,,Black / Silver,500.0,2000.0,31.6,31.6
c33d9e7f-3c63-416b-a884-cca3a70521f0,280.0,Black,500.0,1500.0,19.4,32.1
8c7857ad-f23e-4257-81f0-192d96b19d76,,Brown,600.0,2500.0,14.8,23.6
356b3bb7-b754-4021-97b5-9bde07c637d2,,Black,500.0,1650.0,28.0,28.0
9d0b62e5-1108-4bbe-b1bc-128b5df68a09,240.0,White,500.0,1800.0,17.9,30.6
cc319429-10f6-4552-8452-a972cbd2e2dc,420.0,Black,500.0,1700.0,5.0,33.8
408dd70e-6fa2-4c71-8186-33c44cfd1f22,360.0,Black,450.0,2000.0,29.7,29.7
646ad82c-7dbd-4bbe-832d-893e4b413bba,360.0,Black,,,,
6d236b19-646c-441f-a101-2529991efa59,240.0,Black,2000.0,2000.0,27.7,27.7
71d3053c-47d3-431c-a762-8270005d2046,,White,500.0,1800.0,17.2,27.5
33da948e-0698-4cb3-82bd-b2e5f756d513,,Silver / Black,1500.0,1500.0,19.1,26.8
2b15bc59-4aec-40c0-af5d-b618f98a7814,240.0,Black,500.0,1500.0,22.0,33.0
05c3970c-2b36-4798-8c24-381906eeb8a4,,Black,500.0,1850.0,28.0,28.0
ba39a1e5-c950-4c3c-b667-9489014499d3,360.0,Black,500.0,1800.0,17.9,30.6
be8c261f-002c-4b18-bef6-4031e23ac3c6,120.0,Black,500.0,2000.0,21.0,36.0
baa41460-25d0-4dde-8386-ae5f8e1436f0,360.0,Black,800.0,2500.0,37.6,37.6
6d17e20b-97ef-4469-b8ea-8280f0b1b258,,Black,500.0,1800.0,17.2,27.5
3929118a-094c-4cb2-98db-3725e43c4717,,Beige / Brown,450.0,2000.0,18.8,22.6
48d95268-6e3f-4e7f-822c-18d9448c8a26,,,400.0,2000.0,16.3,22.8
ef7a86a5-9f98-46ea-af1f-69d8df5bb791,,Brown,450.0,2000.0,18.8,22.6
e7a4d30f-7603-4c07-8757-74f8f4273ea7,280.0,Black / Silver,800.0,1600.0,16.8,32.6
70c4147c-4abc-4b6e-95df-93dbacff8906,240.0,Black,650.0,1800.0,8.0,27.0
880c2c16-53fd-464e-9d57-1429059d0e71,240.0,Black,550.0,2300.0,36.0,36.0
f8020734-c6e5-43ff-894e-6d50356295e1,,White,800.0,1700.0,30.8,30.8
170a2313-160a-406c-8775-9df5a2c4d517,360.0,Black,2000.0,2000.0,27.7,27.7
44d15bdb-5678-45cf-91a0-cba0c7c8d87c,,,2600.0,2600.0,22.2,22.2
f7c5df4b-31ca-434a-82b2-48a6f232e9b3,240.0,Black / Gray,200.0,1800.0,22.5,22.5
b095c22b-84fb-4a73-a181-aac38d704805,360.0,Black,,,22.7,22.7
c7eaae58-0e67-4327-a6d4-03246d72a915,,Black,650.0,2050.0,27.0,27.0
0bd05320-2e55-4d99-bd10-2cf7ea3ef34b,360.0,Black,550.0,2300.0,36.0,36.0
e17811b9-d831-4b68-a51e-e6d11f48e454,,Black,,,7.9,24.4
d536ea21-db74-43ad-8b94-7a73d03f1c9b,,Black / White,300.0,2000.0,22.5,22.5
37f3f610-3252-45d4-be62-70d2b469d245,,Black,600.0,2500.0,14.8,23.6
d5f0540d-3461-43f1-9073-f6d0ab31d6f4,360.0,White,2000.0,2000.0,27.7,27.7
0caeb137-32a8-452f-8148-629ffbdbcd47,240.0,White / Silver,800.0,1900.0,32.0,32.0
23a4888b-01c9-4bb7-9db7-fcc6fe74c89c,240.0,White,500.0,2250.0,32.9,32.9
bcd29263-ed95-44ab-b9bc-f0779fceca67,420.0,Black,200.0,1900.0,22.5,22.5
daba7d42-fada-4834-b784-89d8c30050e0,360.0,White,500.0,2250.0,28.2,32.9
a951271a-4060-4629-b1a7-36388d3c7dd8,,Black,800.0,1800.0,25.0,25.0
d016e7be-f174-4364-bb56-d8207e24d725,280.0,White,500.0,1500.0,34.48,34.48
e36ce893-a9ec-44b9-a00c-73655040714c,,,300.0,1500.0,18.6,22.4
24858024-0b1d-433c-b4b3-d500bf7cfcae,360.0,Black,450.0,2000.0,10.0,30.4
ce597fcf-0428-4747-9a70-f1887de25762,360.0,Black,500.0,2000.0,14.3,34.3
6a50faf5-454b-40d8-bd37-f10a987c7a67,280.0,Black,200.0,1900.0,22.5,22.5
c4468268-e8c6-41a2-9c30-eb81a5c438ac,240.0,Black,,,19.0,39.5
b94949e2-a9ce-45bd-8381-1a468516ab67,240.0,Black,500.0,2250.0,32.9,32.9
30a93599-1741-4ef4-885f-9e179d10a105,,Black,600.0,1500.0,28.9,28.9
2bfd0381-0af5-42be-9832-866a7d451f76,240.0,Black,500.0,2000.0,21.0,36.0
e6bcb6ed-192d-4c49-bf8d-b037fd4e9493,360.0,Black,500.0,2000.0,14.3,34.3
f84fe955-f8ca-42a0-b5d5-73301187598f,,Black / Silver,1550.0,1550.0,25.6,25.6
d8820d29-87f0-4b05-a848-dd62000fff19,,White / Silver,1550.0,1550.0,25.6,25.6
9f363ae0-1144-4ca9-b011-dd0e463413de,360.0,Black,,,19.8,40.5
da652a5a-669d-4314-adc9-ee3753a12bf3,420.0,Black,400.0,1600.0,10.0,31.8
edf8c031-bb57-486f-a38a-52f0f8aa0fa6,,Black,500.0,2000.0,31.2,31.2
a4910a91-c358-4654-a916-aa0bfc801714,,Gray,2700.0,2700.0,22.4,22.4
d3460f16-73ca-4e47-b045-069cd38563c0,360.0,Black,350.0,1750.0,27.2,27.2
aafff181-86dc-4ec8-b6fe-bc93d6ed5966,,Black,500.0,1850.0,28.0,28.0
cf2f2560-74f5-485d-95c3-1272e02159b7,280.0,Black,400.0,1600.0,19.0,35.8
dad38fa8-3ce3-4c9b-a010-999986fa67ea,,Black / Silver,900.0,2400.0,17.8,32.5
b95d1507-b935-431e-8831-ebf09667d79d,360.0,Black,2450.0,2450.0,35.4,35.4
09459cc4-e769-4b54-bb6d-466d3dcc4bdf,,Black,1800.0,1800.0,26.92,26.92
2d65bedb-93bb-4827-a796-3212274d4cf1,,White,500.0,2000.0,31.6,31.6
e9490cab-3775-4071-80ac-2a133a7ddd89,,White / Gray,200.0,2100.0,24.4,24.4
f2e878c8-0ccf-455d-9797-b459cf5fd8c2,,White,1550.0,1550.0,25.6,25.6
c37eae02-3f99-43e0-a0fe-874b9f7a0a14,240.0,,650.0,2000.0,6.0,30.0
8e59ee1a-983c-4529-87e3-56c5f31e2a80,360.0,White / Silver,800.0,1900.0,,
e3be9aff-4d98-4d72-8f56-53b79b36c088,,,650.0,1800.0,8.0,27.0
120c1b5f-f90c-4352-ad13-f075e0aee0c5,240.0,Black,1850.0,1850.0,27.0,27.0
4f205286-fd99-40ba-af49-e7a1858da0b1,240.0,,2435.0,2435.0,37.7,37.7
04c200e6-8c06-4917-8ba6-3495a005e2fd,,,300.0,1500.0,19.2,24.6
207a55e8-17e7-47bb-a29c-48e201bcd6d2,360.0,White,2450.0,2450.0,35.4,35.4
821835b5-3dd3-43c2-83a6-53005a1f6193,360.0,Black,550.0,2300.0,36.0,36.0
b7250faf-8dc3-4d7f-a983-3177a2e562a6,,Black,300.0,1850.0,29.4,29.4
ddcee108-ecb6-4556-8636-f7b78d58107c,240.0,White / Black,500.0,1500.0,22.0,33.0
57310216-c16e-4ab8-936d-96ee35f0d9f5,360.0,White,480.0,2400.0,,
30ac345f-36ed-42a5-8287-4465163e125b,240.0,White,500.0,2000.0,,
4bca722e-1896-4706-b85a-8164cfbdfe4d,,Black / Silver,650.0,1750.0,27.2,27.2
a7e85a38-592b-49a7-abe6-8b9acd60f709,280.0,White,500.0,1500.0,34.48,34.48
d44660a4-fb33-460a-9352-d473a224db24,360.0,White / Black,800.0,2500.0,37.6,37.6
41a431af-ed01-4136-b3b5-9e12c1fcd712,240.0,White,650.0,1800.0,8.0,27.0
9b3fde05-1d88-44c1-b7fe-e76e5de21940,,Black,600.0,2000.0,29.4,29.4
a01c54d9-abc6-4a7d-b615-4a43ece64adf,280.0,Black,500.0,1700.0,5.0,33.8
66706240-53ee-443a-9da6-50a6779e76ba,240.0,Black,1850.0,1850.0,27.0,27.0
265c2bb8-f7a7-46a1-a453-5323965cd9b2,,Black,300.0,1850.0,29.4,29.4
2d7bd96f-25ae-4d90-befe-1f0d78ca77f3,,Black,2500.0,2500.0,,
69cd1a86-6a04-4151-8e28-1065ae72ec53,240.0,Black,800.0,2000.0,29.0,29.0
bfcd5cfe-df01-4c68-9309-28123d3ca7bf,240.0,Black,500.0,1800.0,17.9,30.6
933b3842-4514-4b5b-8cbf-49ccd9360caa,360.0,Black,800.0,2500.0,7.9,37.6
a110e48c-198b-4e0b-867a-7caf55363265,,Silver / Gray,1550.0,1550.0,25.6,25.6
b61ae52c-17ab-4ed0-8a2a-25960cffab3d,360.0,White,2300.0,3000.0,32.1,39.9
a78cc155-dd00-4eaa-8765-300bcf46ba7a,360.0,Black,,,8.0,34.0
8c417306-c705-4915-a3ff-e745aba668d6,240.0,Black,700.0,1800.0,15.2,35.2
684cdbae-c9b6-4c92-9a9e-348b20404ae0,,White,650.0,2050.0,27.0,27.0
7173b683-eb40-426f-9de4-89e136a1e9c5,360.0,Black,2000.0,2000.0,27.7,27.7
1c2ef9cc-844a-4b35-93a8-cdec0a95945c,420.0,Black,2000.0,2000.0,10.0,37.0
d4dbab16-2e79-4f46-a674-bc6bc11daeec,240.0,Black,500.0,2000.0,10.0,33.2
f21dab40-bf77-4a06-b354-4d720b1ad8eb,,Black / Silver,2400.0,2400.0,27.3,27.3
499df060-3bc0-4713-8cf9-c11339592860,240.0,Black,500.0,1800.0,17.9,30.6
658195f3-5359-4182-94b1-f8377ae45f96,240.0,Black,450.0,2000.0,10.0,30.4
cd5a5482-b642-49ea-b458-6029c5f8612a,,,300.0,1500.0,19.2,24.6
e3f215d7-643d-4004-8e15-4eecba484d0e,360.0,White,650.0,1800.0,8.0,27.0
cb51f303-74cc-4e7f-96b4-57df5c2f1e6d,,Black / Gray,200.0,2100.0,24.4,24.4
cf1fda1d-2750-4df2-b8ec-f9d726ba2bd1,360.0,Black,450.0,2000.0,29.7,29.7
23b2a922-0a7e-4ca9-81dd-40ac82680461,240.0,White,1850.0,1850.0,27.0,27.0
1e0f59ae-7f85-4cc7-a9b9-732d08aee9c6,,White / Silver,1550.0,1550.0,25.6,25.6
e3e22dc6-05c2-46aa-957c-6f59a47d05e3,360.0,Black,500.0,1600.0,14.0,27.0
1bafe19c-03e0-4fc2-b65a-47222a250bc1,360.0,Black / Silver,650.0,1800.0,6.0,30.0
2609ede3-649f-484a-b370-4c9319534ee9,,Black / Silver,1500.0,1500.0,25.6,25.6
52e69e87-e446-496b-8cd0-f3fce43ed44c,240.0,Black,550.0,2100.0,5.0,34.1
5098ce12-d667-49b6-9154-d58f32fbcbf9,,Brown / Silver,600.0,2500.0,14.8,23.6
d9c5c618-2bf2-4cb1-bd30-1b9e8dc6a3a5,360.0,White,350.0,1750.0,27.2,27.2
cf22c699-d7ca-4527-9c23-0e56716d749b,360.0,White,2400.0,2400.0,10.0,37.0
6c074663-11eb-41cc-b089-e58e6a024acc,,,1850.0,1850.0,29.6,29.6
f483e34e-d56c-461d-a4a5-908d664746a7,,Black,1500.0,1500.0,11.0,23.6
a6ebcdbe-812e-4a1f-a4c5-2d3b59425ea3,240.0,Black,2400.0,2400.0,37.0,37.0
1b3d7bb2-6896-4961-8a80-f4a93a57e163,360.0,White,800.0,1800.0,,
deebc822-386b-46da-a838-9ff9e1c35825,360.0,Black,2200.0,2200.0,36.45,36.45
a8e13ae1-7f5c-494e-94f5-10b2ac360aec,240.0,White / Pink,900.0,2000.0,16.3,33.5
ef1ccec7-2115-4970-89c0-c7867fb8ba9c,280.0,White / Black,500.0,1500.0,22.0,33.0
55949be4-994c-49f1-ab22-9d7789fe887c,,Black,600.0,2500.0,14.8,23.6
2fd42d81-4ff6-4919-a80d-774a7ecc20c4,240.0,Black / Silver,2400.0,2400.0,37.0,37.0
45274f74-4464-43cb-8cef-64f5323d7d91,240.0,Black,1800.0,1800.0,30.8,30.8
0c648029-9e59-460d-a8bc-ca413ca06c3b,,White,500.0,1850.0,25.9,31.5
6befe478-48ac-4c17-b254-f84efaccb09e,,Black,1600.0,1600.0,11.5,24.4
05a9638b-cd37-4132-a7e6-c82237778e7c,240.0,Black,350.0,1750.0,27.2,27.2
8a7c4c65-5523-44f5-a9a7-f67f7444b78d,,Orange / Brown,2700.0,2700.0,22.4,22.4
d446f3e0-0bcc-4188-8ffd-b62b73eed29b,,Red / Black,200.0,2100.0,24.4,24.4
f4ee9bd5-9f88-484f-8ff1-970f335c3ba3,,Black,1500.0,1500.0,25.6,25.6
5bc4b9bf-c21c-4f6b-a4aa-df8d769d6c24,240.0,Black,480.0,2400.0,,
cae62c2c-fda4-4617-bf43-3b14e65c68cb,360.0,White,600.0,2200.0,36.45,36.45
36a9c91a-25d8-4c84-9966-93b0b4339ea4,240.0,White,2450.0,2450.0,35.4,35.4
f6b71e67-719e-48b8-8c32-e29179cac31a,240.0,White,500.0,2250.0,32.9,32.9
d95b0172-0f0b-42c8-8baf-0446dd7c7f72,,Black / White,100.0,2000.0,,
fbc3ebcb-dc68-428a-a295-726775df8790,360.0,White / Black,500.0,1500.0,22.0,33.0
b13ca709-31bb-48f6-8f8e-d6a10d1e713d,240.0,Black,500.0,2000.0,14.3,34.3
7dd51897-3f12-4fee-9b4d-ebf27f36f318,120.0,Black,500.0,2000.0,21.0,36.0
b1b14171-e6e8-4a6d-b187-9496aa00f0ee,,,1800.0,1800.0,21.3,21.3
5b748680-e7e9-40ee-8ac7-dd0579408f1e,,Silver / Beige,300.0,1600.0,13.1,17.6
26e338dd-6e90-49a3-8c96-66cec387ae13,,Black,500.0,1800.0,17.9,30.6
440a2148-abde-40f8-adaa-193db30c2c77,240.0,Black / Silver,800.0,1900.0,,
999b2395-5644-4139-9771-4b0175e5aff2,,Black / Silver,500.0,1650.0,27.8,27.8
13054cf3-43c1-4d0f-afd3-b2d0423e1e50,,White / Black,100.0,2000.0,,
4b3356e3-84dc-46a5-9b87-e14591e7ffe7,240.0,Black,650.0,1800.0,6.0,30.0
aa2b83ff-2ac6-4cce-b271-a0799e57e23c,240.0,Black,700.0,1500.0,18.0,26.4
595bb844-04c6-4e11-bc32-7022460058d9,240.0,Black,800.0,2500.0,7.9,37.6
796762ea-65c2-4b6f-8a22-dc79334d073b,,Black / Silver,300.0,2000.0,,
4ba8f144-b73c-4a6f-bbe2-423b0958306d,,Black,100.0,2000.0,,
9df701b9-6521-4b1e-b5fa-d4f5f7f47eef,240.0,Black,2450.0,2450.0,35.4,35.4
57053ad4-d811-4b30-82ee-336ee43847fc,,Silver / Black,1200.0,3500.0,33.5,33.5
f6fdd19e-4ee5-404e-b630-acf3fecbbcc6,280.0,Black,500.0,1500.0,19.4,32.1
b413b359-3ad7-44c7-8da5-39f24545b14f,240.0,Black,,,8.0,32.3
d8155608-6e5a-4686-9fde-08f1759a7fae,240.0,,650.0,2000.0,6.0,30.0
348fd5b7-9ebc-4d81-bdcb-97f3e9325d07,280.0,Black / Translucent White,500.0,2000.0,36.4,36.4
e7506302-e5c4-418a-9194-7d5e287c29df,280.0,Black,,,22.5,38.1
57640fef-3d34-4813-b1cf-1afeb9662cf5,240.0,White,700.0,1800.0,15.2,35.2
71047c97-2841-4c20-9321-1fda7858cd6c,420.0,Black,500.0,1700.0,5.0,33.8
789d6cf6-f192-45cc-a7a2-46c4fc08b2fb,,Black,650.0,2000.0,6.5,26.0
aa1328c0-678c-4296-baa2-9defa285f141,280.0,White / Black,500.0,1500.0,22.0,33.0
40a1858c-633f-4c64-ae70-04c37c848327,240.0,Black,800.0,2500.0,37.6,37.6
4bab22c4-8395-42dc-a9e7-27be02aa0ac3,360.0,Black,550.0,2200.0,31.6,31.6
34e0dd60-0232-4357-a7d9-8656fb641b39,,Silver / Gray,1550.0,1550.0,25.6,25.6
c1e76bff-21ae-41e0-a8be-bd9b78c2384a,,Black,800.0,2800.0,14.0,37.6
6105c54e-696a-4702-a4b2-6d19bb27d842,,Black / Silver,500.0,1850.0,,
8855baff-8dc0-4619-b547-67d351dd854d,,Silver,,,0.0,0.0
6ce33a52-dafe-4273-ad75-e724752f505b,360.0,Black / Silver,800.0,1900.0,,
89972acf-f1fe-407d-b587-738fe0fd9795,,Black / Silver,650.0,1800.0,8.0,27.0
d872027e-c116-45b2-a5ea-bd76afadc60b,240.0,White,2400.0,2400.0,10.0,37.0
4ef00977-2f35-4def-bf1b-e36ac25ef176,,,300.0,1500.0,19.2,24.6
486b2144-10ff-4de4-8a16-199e30746c43,,Black,650.0,2050.0,27.0,27.0
81907291-72be-4b3e-a0bb-504d3630c94a,240.0,White / Gray,1800.0,1800.0,30.8,30.8
a02cd7b5-bc36-4934-ad2f-e6c8468b08e6,240.0,White / Black,500.0,1500.0,22.0,33.0
1f93ce09-b83f-4eb8-ad13-8df235201387,240.0,White,1500.0,1500.0,28.2,28.2
24cbed50-955e-440f-856c-efc0ddc18a58,240.0,White,350.0,1750.0,27.2,27.2
1d42ef21-0863-47d7-b024-d692b060329c,420.0,Black,400.0,2000.0,,
0b39b44b-ed4a-4cad-aba2-1aa41a576868,280.0,Black,2000.0,2000.0,10.0,36.0
b28cc61a-3bdd-4cae-8e8a-6bb40b045a71,280.0,Black / Silver,2000.0,2000.0,37.0,37.0
c3c4faab-b414-40fe-ba9d-c0119f90d725,,Black,800.0,2800.0,32.5,32.5
0c1b44dd-eee4-4c86-b5c5-c007aa497507,,Black,300.0,2300.0,,
093dc8a3-44cb-4356-9d3c-dab509362508,280.0,Black,500.0,1500.0,34.48,34.48
743aac33-699a-47bc-9f91-cbe125004122,360.0,Black,500.0,2250.0,32.9,32.9
5c2bc535-0016-454a-aba3-f743fabf1893,,White,500.0,2000.0,31.2,31.2
31d0a38a-3592-49c5-b0f8-0a65f1828dab,,Black,300.0,1500.0,4.0,28.6
fef8c7e1-de1d-4993-974e-b3aa239942ea,360.0,White,500.0,2200.0,18.0,34.2
ba7c3cc2-fc5e-440d-a386-4c30219c3bed,,Black / Silver,300.0,1850.0,29.4,29.4
ded14427-4fb2-4fa4-b53d-f29e9facf32f,,Black,1850.0,1850.0,29.6,29.6
a3d6c90f-8f33-4b21-bdf1-7fadb2aacf71,360.0,White,400.0,1850.0,5.0,28.9
abc536d6-ec16-4003-9b4f-5e3737c54358,240.0,White,400.0,1850.0,5.0,28.9
2c401009-cb90-4a4c-a554-234bc1489c78,240.0,Black,450.0,2000.0,29.7,29.7
38056856-22ae-4dcf-a7d3-48b69ff895c7,240.0,White / Black,500.0,1800.0,30.0,30.0
42c3f1c9-2940-47d7-afbb-09b5f80f4574,,Blue,2000.0,2000.0,27.7,27.7
4902e586-0c0c-414e-9dc3-c1f5d86956a9,120.0,White,1500.0,1500.0,28.2,28.2
cb389d45-d2b5-4083-9d0b-025ae391c952,,Black,200.0,1700.0,,
1d0da7f5-f352-4a80-8d49-f24bd1bba0a7,,Black,1400.0,1400.0,,
ff4c748a-2c66-4f25-a04a-e3d5b7b3814f,280.0,,600.0,2200.0,16.0,39.5
84c9be08-60f3-4b6f-bfdf-b68055bbe88d,,Black,500.0,1200.0,31.5,31.5
cca5e007-d0cd-406d-aab9-2a2734c603b1,240.0,Black,500.0,2250.0,32.9,32.9
2eff984f-8c26-40f3-a1d2-46296c7ccea0,360.0,Black,1500.0,1500.0,28.2,28.2
b5719f0a-d7b8-4ba5-8fb0-bcd408055340,240.0,White,700.0,1500.0,18.0,26.4
69695d8a-cf00-42a0-9403-edf9953367be,,Black,250.0,2700.0,,
b938cc93-a398-4f95-8417-e6bc62e412e9,360.0,Black,500.0,2500.0,28.1,28.1
bbcafd08-f851-46f1-b272-a68c2abacd87,360.0,Black,950.0,2150.0,16.9,31.0
94cf4ee6-5d05-4fe3-ac97-a25ec4d3cef8,,Black,200.0,1700.0,,
e641bb0a-f016-4e49-8da4-759c6dde7458,,Black,2500.0,2500.0,23.0,23.0
7cf081d9-76f0-4ed4-a38a-2b70aa7ba2a6,360.0,Black,650.0,2000.0,6.0,34.0
72444e9d-744b-4a23-9288-ea09f9790509,280.0,Black,500.0,1500.0,34.48,34.48
5b1c9a48-7f72-401e-a8ce-2ba42b76acaf,360.0,Black,800.0,2500.0,37.6,37.6
0261c3c6-f24a-4a13-8ce1-da734289bfca,240.0,White,480.0,2400.0,,
929a5772-38f5-4447-abff-91b0d70ce14a,,Silver / Black,1200.0,3500.0,36.5,36.5
ed9f9c0e-298d-4c17-87ab-a1188d233d52,,Black / Silver,2600.0,2600.0,28.0,28.0
3a9a8808-d25e-42bb-9be8-3ac483a1bb88,240.0,Black,2100.0,2100.0,29.0,29.0
88a66d25-476f-458d-9e6e-5657ef319aad,360.0,White,550.0,2300.0,36.0,36.0
0fae4803-d2cb-49d0-b961-6d7a5c957a6c,,,1500.0,1500.0,14.8,25.5
45f689ee-ffbd-4437-8f95-a7b577e08dae,,White,650.0,2050.0,27.0,27.0
864e2ada-e238-495a-a7b0-656c1aa5b18b,360.0,Black,,,,
d8aaab21-794a-484e-bb20-5d15f49658c8,280.0,Black,500.0,1700.0,10.0,35.5
0a1113ed-b1f4-4e4a-8b18-e9778903bfce,,Black / White,200.0,1800.0,,
5a384ad9-1a96-481b-9b78-291269ed47ea,,Black / Silver,600.0,2000.0,29.4,29.4
08c74877-3ae7-4fb8-a36e-12672087faf5,120.0,,2000.0,2000.0,30.85,30.85
c4694d2a-2cd8-4fd6-a2a9-effa263787f2,240.0,Black,700.0,1800.0,18.0,35.2
990deeef-3903-477f-a8e6-8e2b462edf76,240.0,White,2100.0,2100.0,29.0,29.0
b112f1b3-da4c-43dd-8302-3eb75084a544,240.0,Black,800.0,2500.0,37.6,37.6
40c60e20-b50f-4494-ab02-c467e69f3506,,,2000.0,2000.0,13.1,25.4
64b6cf7c-a8c2-4da8-a8f4-8880e0b5d324,,White / Black,3000.0,3000.0,36.7,36.7
9b4a060d-9f0e-4533-95cf-9211d8eb6957,,Black,650.0,1800.0,24.9,24.9
ea03a38f-74d5-4ea8-9525-4b3817aca4f5,360.0,Black,500.0,2000.0,10.0,33.2
2c051ca8-426b-480b-8260-6590607d801f,360.0,White,1500.0,1500.0,28.2,28.2
221284fd-5067-4da9-8aae-c29ca1d633ec,,Pink,800.0,1700.0,30.8,30.8
717d8629-df00-403e-a0da-b38826e2c339,,Black,300.0,800.0,4.0,14.5
f6ed83c0-0106-4c54-9206-d7126b1eef40,,Black / Silver,800.0,1950.0,26.0,26.0
386a52b4-6c82-4d38-9bda-391aa7dd6083,240.0,White / Silver,800.0,1900.0,,
02a9ba6c-1454-4574-bb1c-99b8979c9c38,,White,2500.0,2500.0,23.0,23.0
8ad98487-6683-4053-90b3-8f9657e28ca4,,White,500.0,1800.0,17.9,30.6
637c6837-fd07-45bb-ac63-e181a9c05c1e,360.0,White,2150.0,2150.0,28.1,28.1
a2a6ac34-d76a-44c2-92a9-ded8e225466f,240.0,White / Black,500.0,1600.0,14.0,27.0
e7f9bb59-33f6-44e3-bf8c-26edec2369d4,420.0,Black,500.0,1800.0,34.7,34.7
f17c39b8-e51a-4cfa-93b0-0fba63688d0c,,,600.0,2200.0,26.4,26.4
127b2926-c0ae-4a4f-8ae1-92b4317e1e69,280.0,Black,950.0,2150.0,17.1,36.5
77f88983-2040-4f18-9d0b-bed9e3e1ade3,360.0,Black,250.0,2000.0,30.2,30.2
b11cdd19-fab7-4480-a793-6148f3c3a87d,360.0,White,250.0,2000.0,30.2,30.2
b651da00-345d-4442-b23e-1d904e373168,240.0,Black,550.0,2300.0,36.0,36.0
8a3517a6-faee-40ae-9f22-ae5050eea0d7,280.0,Black,,,24.9,24.9
770393a7-444b-49b8-8eac-7d8e202126d2,,Black / Gray,600.0,2200.0,,
ff58dacd-e12e-4160-acb2-9f8863cfb826,280.0,Black,,,10.8,32.8
fc37c8a5-d0f5-491f-985d-18f2f81f79dc,,White,300.0,1850.0,29.4,29.4
d9b04b08-4e1f-4e02-bbf0-b67c6fc88260,240.0,White / Black,800.0,2500.0,37.6,37.6
acda7ba7-1ec4-4c28-ba82-ebc470fd1ee6,360.0,Black,500.0,2200.0,18.0,34.2
0a44d7ee-8f2b-4122-90c5-3dabe58ce6d4,,,1000.0,3850.0,,
fddb7ead-05fa-4f0e-8a83-f94205caa52c,,Black / Silver,350.0,1750.0,27.2,27.2
44733868-d73f-447e-b50a-88c937017328,,Gray,2700.0,2700.0,22.4,22.4
3bd8c680-1e03-4564-8f09-ba599bd9034b,,Black / White,100.0,2000.0,,
7786aa3e-3ad7-4ec7-b116-93ebc77c0ed9,240.0,Black,500.0,1600.0,14.0,27.0
e94b2668-0f5b-4938-a814-7ed8456a1a32,240.0,White,2150.0,2150.0,28.1,28.1
3eaf3a40-5480-4aac-8a23-46ea4e83108c,360.0,Black,,,32.0,32.0
f9ef17e0-c0b0-4efb-93ae-0a8d3e826e32,,,300.0,1500.0,19.2,24.6
67ea6ef6-5f30-4a29-8a5b-b044c29f1d24,120.0,Black,500.0,2250.0,32.9,32.9
2f63c281-ad80-470e-9dc8-4caf41092ee4,,Black,,,0.0,24.6
752f14b9-329e-4183-a18d-aeba34e7dcf5,,,600.0,2000.0,6.0,29.0
9e15837b-5904-486c-b7f2-a657c4a23885,360.0,Black,800.0,1800.0,,
88cc225e-1944-4286-9ecf-e5f79987f15c,240.0,Black,500.0,1800.0,30.0,30.0
93b9fcde-9bdc-4edd-91c4-f8d11cc077c4,,Black,500.0,1500.0,13.8,30.5
2141fed8-39a0-4d9d-b928-f69c835df5c4,,Black,1800.0,1800.0,26.1,26.1
a97bdbc2-c073-4c2d-9706-49f6fc4d611b,280.0,Black,2200.0,2200.0,36.0,36.0
e8c552ee-de7a-498f-b77e-467d232cf2b4,,Black,500.0,1850.0,28.0,28.0
aad30ffd-56b6-407d-88ec-8092f2525a78,,White / Silver,500.0,1200.0,31.5,31.5
8cc130aa-c73a-45ad-af78-172200adb982,,,650.0,1800.0,8.0,27.0
f31ea327-d12a-4362-8268-d61b0a2284b4,,Black / Silver,500.0,1850.0,20.0,24.4
be64a431-a28b-466b-bc5c-5c765dc0f76b,,Black,700.0,1800.0,15.2,35.2
61fa8c25-44be-4813-9baf-19ad96a61755,360.0,Black,550.0,2200.0,33.5,33.5
d3de8621-3bbe-4246-88c1-99faa284281f,,Black,500.0,2000.0,31.2,31.2
ed41e95e-64c1-45c1-90ad-ae462959b447,360.0,White / Black,500.0,1600.0,14.0,27.0
e6ecf761-294a-4393-99be-193f1e0645a9,,Black,200.0,1700.0,,
54d3214f-f1a1-4bef-9049-5192ceef40fe,240.0,Black,700.0,1800.0,18.0,35.2
40262f55-a6e6-4b4d-8202-ea1677c0d440,240.0,White,650.0,1800.0,6.0,30.0
437a3ce0-f887-4016-828a-79b8223cf09f,360.0,Black,,,39.9,39.9
65682d53-3d09-4691-8b17-ed12bd0b8195,,White,1800.0,1800.0,26.1,26.1
1531702b-e112-4914-881c-e4817968015c,120.0,Black,750.0,1800.0,29.6,29.6
efe3c57e-f310-421a-b1e2-e0a4b75da7b3,,Black,1200.0,1500.0,12.8,24.3
782d092b-9b01-4a4b-ac67-c1673f47165a,,Black / Gray,500.0,2000.0,23.6,23.6
fd21a86a-7dcb-4bbf-9cb0-334ba74a9418,120.0,Black,,,18.9,36.1
cf1e4a37-c1bd-4fc0-b786-d7c1c1397820,,Black / Silver,300.0,1500.0,4.0,28.6
f08d1cf4-b0ac-46df-9e83-fe9ccebe3499,,Gray,2700.0,2700.0,22.4,22.4
1773df08-b379-401b-884d-8fb88f9cf54a,,White / Black,,,11.5,24.4
55210981-0bc4-4def-bc4e-0a8294d85205,360.0,Black / Gray,1200.0,3000.0,11.1,39.7
17e11ab3-31f5-4474-a48e-702a9f40e123,,Black / Silver,2000.0,2000.0,28.0,28.0
a167fdcf-62ae-418e-9bd6-78f8ff5a198f,360.0,Black,500.0,2000.0,15.0,32.6
00f0a379-b9e6-49e1-85f8-7f1fe53748fe,360.0,Black,500.0,1500.0,13.8,30.5
9f177ca3-9a9d-48cb-8178-088c65efbfba,,,300.0,1500.0,18.6,22.4
195701c9-ce97-48b1-abd0-c340c8d948c4,420.0,White,500.0,1800.0,34.7,34.7
d3cffe62-1632-4ad4-ba8f-1c514d6e4978,420.0,Black,,,31.5,31.5
a742ad4e-8e29-4e7a-beaf-d2a32bf59a23,240.0,Black / Silver,800.0,1900.0,32.0,32.0
234ea32e-b177-44ef-92f3-fb0acca27356,240.0,,650.0,2000.0,6.0,30.0
f1ad351b-7ab3-4d64-a0e5-26f782ff7c00,,White,500.0,1600.0,14.0,24.0
491c6ef0-37fa-46b1-9d3b-9cee123f4b71,,,400.0,1500.0,22.1,28.8
73b904f7-53bc-44e5-94a2-8db632fc26f2,240.0,Black / Gray,200.0,1800.0,22.5,22.5
f62ff344-2e7e-4ac2-af58-c1367646913d,280.0,,2100.0,2100.0,43.0,43.0
c7642134-b831-4d9c-ab15-5c8ebccba890,,,600.0,2500.0,14.8,23.6
6d7f427d-72d0-4822-b6e4-ce79db732a79,,,300.0,1600.0,13.1,17.6
19ada694-5cb1-43fe-9b04-c910013205d6,280.0,Black,1000.0,1000.0,18.8,18.8
2eac4142-33a5-484f-b3fa-f3828e3099f7,240.0,Black,,,0.0,39.9
3257abd1-ed14-4379-b4ea-8c85597852a5,240.0,Black,2200.0,2200.0,36.45,36.45
2e2e8150-8171-4f27-b8b8-b0f28a45c6e3,,Black,900.0,2000.0,20.0,20.0
04704c9b-98d3-4f69-878d-c40c5c044b07,,White,700.0,1800.0,15.2,35.2
47fb4178-68cd-4708-8c9b-648f59c0b537,360.0,Black,500.0,1800.0,30.0,30.0
16b1e5bf-59ac-4025-a2b4-ab04511d8fd4,360.0,Black / Silver,800.0,1900.0,32.0,32.0
378a5d9a-e930-4673-a30c-cde2cf9734bb,280.0,Black,400.0,2000.0,,
7a9d6aca-66e2-4efd-a6b3-7989e6d7a8af,240.0,Black,,,,
de7558dc-c388-4b53-8070-bf2df251a1b3,420.0,Black,500.0,2000.0,33.2,33.2
05ded0b6-00eb-4f10-8be9-3d9659e4d4d7,,Black / Silver,2400.0,2400.0,36.0,36.0
fa68e8b9-8be5-4be7-8af1-9d08a4726ae0,240.0,Black,250.0,1800.0,,
3ed0dcb3-b32f-47ed-a521-aed694e56ffc,360.0,,500.0,2000.0,32.2,32.2
989b19b9-2560-4769-ab09-8089abadfac6,,,800.0,2200.0,16.0,23.0
b8c1e1e1-fc17-46ac-8c4e-6676117897da,240.0,Black,600.0,2200.0,36.45,36.45
02c276d0-9d4b-4ffb-b8b6-7f77b4d6452b,,Black,600.0,2000.0,18.0,31.0
eacfeb80-058f-4e99-9393-a9454d29b550,240.0,White,550.0,2300.0,36.0,36.0
1a396632-f3be-4c7b-a85d-3509b4ea003e,360.0,White,,,32.0,32.0
e81d8f51-2d11-413e-a75f-39892438ad00,360.0,White,800.0,2500.0,37.6,37.6
7f5b3a73-b678-49b7-a1a3-7215f3626fb8,,Black,650.0,1800.0,,
f33a1eac-f28a-4026-810b-f8d95dc37d48,240.0,,500.0,2000.0,32.2,32.2
10812776-e2f3-4d96-b045-4bd479853681,360.0,Black,500.0,2000.0,10.0,33.2
dfbbd259-3417-4ccb-ab3f-2f362bda05b1,,Black / Silver,800.0,2000.0,24.5,24.5
05a728ac-aca2-4c86-89f2-d585e2fd72d2,240.0,Black,500.0,2500.0,28.1,28.1
86f7eeff-fdcd-44fa-9066-d06add4b8647,240.0,,650.0,2000.0,6.0,30.0
3ed116e1-6527-40f3-9b74-32ae92ba455b,,Black / White,300.0,2000.0,,
e42be878-b52b-46b5-8072-530836f09993,,,1750.0,1750.0,20.0,20.0
121e01be-ee5f-4beb-8ebf-0a8bd53d87ce,,,1200.0,1500.0,19.2,24.6
effacfca-c368-43da-a63d-a577b2364842,280.0,Black,700.0,2100.0,35.7,35.7
de4544fe-790f-4503-ac94-823ce59dbd3d,,White / Black,200.0,2100.0,,
fe86249c-77e4-4399-ac75-320536ae6a8d,240.0,Black,750.0,1800.0,29.6,29.6
3ac4c7c3-0339-4cab-8f8a-9f95a2f014b5,280.0,Black,2300.0,2300.0,8.06,44.4
ada4f24b-fd93-4f8b-80e8-edf05e580872,240.0,Black,,,32.0,32.0
113292fa-6c5d-4c4c-ab0f-fc0c91bf648e,360.0,Black,,,35.0,35.0
c40dc041-4dd3-45c1-8ecc-62db08f05377,,Silver,1850.0,1850.0,29.6,29.6
f5e71c81-e202-419e-9451-78db5361ea92,,Black / Gray,600.0,2200.0,14.0,25.8
95ed0a0a-633d-4bd9-a428-8e782f745817,,Black / White,200.0,1800.0,,
c2cf446b-555e-4aca-abcb-f7f4498a70c0,280.0,,1200.0,1200.0,20.4,20.4
1aeaf42d-00c8-4867-a013-d9e245416704,120.0,Black,1500.0,1500.0,28.2,28.2
2e2caa2b-71b4-46c0-a2b8-41d2375ff78d,240.0,Black,450.0,2000.0,29.7,29.7
8e7f6a56-39bd-4992-aca9-a074a187cb2b,,,300.0,1500.0,18.6,22.4
0267f446-edb4-4604-99ed-060d5806803e,,Black,650.0,2000.0,8.0,30.0
c79e26d0-d6b1-4686-a2b3-d1c6b908f996,,Black / Silver,500.0,1800.0,14.2,25.6
1a8dbaad-8f29-4924-a7c4-924b8f52ce49,,Black,700.0,1500.0,27.0,27.0
0b98f384-a5a9-43b5-b891-a0eb51cc6edd,,Black,800.0,1800.0,14.0,26.0
110517cb-8d5a-4ce7-bf8e-813b574ccbd7,240.0,Pink,900.0,2000.0,16.3,33.5
739bd67c-36bc-48d8-9e58-49d78b0ff787,,Gray,1800.0,1800.0,30.2,30.2
b8c045d7-b618-425b-af16-47f8da40da61,240.0,White,600.0,2200.0,36.45,36.45
01a28d98-5b23-4bf5-8a03-3419d80f8e88,280.0,Black / White,500.0,2000.0,18.0,39.1
0e8cc0c7-d42d-409d-9572-2a1e39a3414a,360.0,White,600.0,2200.0,14.3,35.6
5f6d74f7-7a1d-40c9-acb2-f34768fe49c3,280.0,,500.0,1400.0,19.8,27.2
7022758d-238f-4029-a776-f3e9dbac743f,360.0,Black,500.0,2000.0,22.3,22.3
7be401d2-98d7-4b70-960f-cf16eb03de96,280.0,Black,500.0,1800.0,14.8,33.28
a0318af2-a580-4862-bd5f-c4eff75e2801,120.0,Black,500.0,2000.0,14.0,32.0
633de0a7-bfde-48c0-8854-ea0e28775c27,,,600.0,2000.0,9.0,36.0
be4dedf7-1453-45f7-bda3-fa40f3749af7,,,400.0,2000.0,16.3,22.8
90aea6c9-47ba-46bf-95a0-7ed07738681d,,Black,300.0,1200.0,10.0,23.0
4ab7125c-0513-4cee-a27b-702a558e0d26,120.0,,2000.0,2000.0,31.4,31.4
d91385d5-2329-4953-9aeb-8aea73566a0b,,,1500.0,2600.0,17.39,22.7
f38a4a2b-dd35-4452-9d82-720d2407e6a0,240.0,,800.0,2700.0,37.7,37.7
4928085c-5ff7-401b-8b7f-7306cc722a4e,,Black,500.0,1500.0,13.8,30.5
8f731fd4-4177-4c48-ba62-488a76e14703,,Black,700.0,1500.0,18.1,30.5
9040af35-00b2-407e-949a-cb09afdb2d8d,240.0,Black,500.0,2000.0,14.3,34.3
ddd5fec0-1fba-4869-ac64-9d426dfe5467,,Black / Silver,500.0,2600.0,11.3,34.6
e5c80e37-3707-4650-85d5-582f7a4bb21b,420.0,Black,500.0,2000.0,30.7,30.7
eba0c3ce-002e-4153-9418-427425e5c51a,360.0,White / Silver,800.0,1900.0,32.0,32.0
66fd1c96-09d0-47da-9205-1eb5247a3965,,Black,800.0,2200.0,22.3,33.8
cb728461-2aef-4f74-bf97-abff8b939292,,Black / Silver,200.0,1800.0,,
e520a41f-1128-4e4b-80b0-f781824795ce,120.0,Black,500.0,2000.0,15.0,32.6
40a86e08-52ab-4a96-9dfa-4dedc58697f4,,Black,1400.0,1400.0,11.5,23.7
dd4941ec-9713-4cfa-913f-c3be355baf2d,,Black,,,0.0,38.0
30404aa3-aa36-49fa-9f83-243cc812ef88,240.0,Black,500.0,2000.0,22.3,22.3
ef3cd7a9-c370-42a0-9ccf-ecd25ae8ba32,280.0,,2000.0,2000.0,40.0,40.0
aeb3d7f0-6d54-41e1-8945-3a0124d50735,,Black / White,300.0,2000.0,,
7764bcbd-d12d-4163-8efe-c6af91646216,,Black / White,600.0,2500.0,14.0,33.0
a3a7ab1a-d843-4af6-a165-d89f140cf975,240.0,Black,,,,
93833d9e-7c0b-4cd1-b536-31ef7e002722,,Black,900.0,2000.0,26.5,26.5
440a6e00-2d92-4c52-aef0-a3869a8820ed,,Black / Silver,600.0,2000.0,34.3,34.3
ea15dcd6-0271-4adb-9189-f553390d492a,240.0,Black,700.0,2200.0,36.0,36.0
ca8ee315-b1ea-4205-afa7-2a483f0d6b78,120.0,Black,500.0,1500.0,25.8,25.8
07e094f4-a8e0-4d49-af16-7586bbea7707,,,800.0,2800.0,33.4,33.4
08de3504-086b-4cfa-aadc-93ddac1223c7,280.0,Black,500.0,1700.0,10.0,35.5
e3d0894b-f48a-4103-b0ee-0c315ceff2a8,,,650.0,1800.0,8.0,27.0
f48352d3-b1d2-47d0-a58a-3518f78be856,,Black / White,300.0,2000.0,,
38d6801c-4a9d-45b4-a676-ece2c3be9d02,,,300.0,1600.0,9.0,31.0
479f5340-7eb0-4a7f-9f0e-4cd59fef812a,280.0,Black,550.0,2200.0,36.4,36.4
46e2776c-3960-418e-823b-8fe0240fc902,360.0,Black,600.0,2200.0,14.3,35.6
d136326e-ce12-43a7-8de7-764ffe26fb23,,Black / Silver,650.0,1800.0,28.0,28.0
88fc3133-dfa0-4e74-8581-b3f9deb7bab1,240.0,Black,,,39.9,39.9
59c1b7af-5536-4efc-9694-8c9791e56c43,120.0,Black,800.0,2500.0,37.6,37.6
51b291e4-97b1-4251-9c5b-0cd8711ed4b0,,Black,200.0,1800.0,23.5,23.5
40d5c32b-d44a-45e6-900c-c9424b2a5a49,120.0,,1700.0,1700.0,30.32,30.32
812edba1-b4ed-47e9-a721-0056a4c5b320,,Black / Silver,,,0.0,30.5
0637383f-4588-4b66-84d6-9a3b41e03e40,,,330.0,1600.0,10.0,25.0
66106939-a891-4019-bb63-5193d9dc2cb3,,Black / Gray,500.0,2000.0,23.6,23.6
a11cc7b3-6ff9-4bb5-884d-71a7734abea7,280.0,Black,500.0,2000.0,33.2,33.2
ab636463-767a-48e1-a640-2a35e6a93669,,,650.0,2000.0,6.0,30.0
01f28547-33e5-46f6-975f-823c1eafac5a,,Black / Silver,500.0,2000.0,23.6,23.6
547e1acb-6e0d-4a63-b94f-0e985b07ef85,240.0,,2435.0,2435.0,37.7,37.7
48aaf3e9-b5d9-4384-a59d-960b03034919,240.0,Black,500.0,2000.0,32.7,32.7
5ce6888b-0d71-4195-a7c9-e000f19eec6f,360.0,Black,,,31.5,31.5
bb4e93b9-a1e3-4c5d-830f-c041bad7cfcb,,Black / Silver,800.0,1950.0,26.0,26.0
952cbc1f-4de5-4a8a-ba70-079b9c769858,240.0,Black,500.0,2000.0,15.0,32.6
1973e28e-5961-461e-9892-61d674492d08,240.0,White,600.0,2200.0,14.3,35.6
0103fc7b-156c-4266-a5ab-8e52dad50f7c,,Black,200.0,1800.0,,
28b97f3b-8495-44ef-a805-1e07ec2b4144,,Black / Silver,1800.0,1800.0,28.0,28.0
b76e37c2-680e-4d5f-a749-8adef48db99b,360.0,Black,500.0,1500.0,25.8,25.8
9b088932-906c-47cb-9e42-67f46af62a79,120.0,Black,2200.0,2200.0,16.6,36.4
63172694-299f-4be4-9f6c-a96ad6b3b38c,240.0,Black,800.0,1600.0,20.0,35.0
4d337c1f-4c79-4108-89f3-dab13473e760,120.0,White,500.0,2250.0,32.9,32.9
4d78d6ae-d192-4eb3-b0b2-f6bac56849d4,,,2000.0,2000.0,9.0,36.0
46d948b9-b52b-4c1c-9963-79f75e3799fc,,Black,600.0,3300.0,28.4,28.4
821af6d4-01ef-448d-b74e-5a6ca9fd5384,360.0,Black,,,30.0,30.0
2df1ff38-0932-4461-be89-158dc9466799,,Black,300.0,1500.0,26.33,26.33
00207096-1bf0-4169-8141-ba072355ae59,,Black / Silver,600.0,1500.0,28.9,28.9
01dfc296-3201-4b6c-b986-b0fa48ce1da5,,Black / Silver,500.0,1650.0,27.8,27.8
96e462df-71c3-44e8-8b4f-e42fd130695d,,Black,650.0,1400.0,10.0,27.0
f42d786c-31a1-4a8a-9033-323731b85c6f,240.0,Gray,1200.0,3000.0,11.1,39.7
ff656f85-17bf-4856-92d0-bdd370fc8502,120.0,Black,500.0,2250.0,32.9,32.9
c46eb2dc-2c6c-40f8-ad49-70c59290fae4,240.0,,1300.0,2500.0,22.0,39.0
eb7e1bc7-6566-44b8-aa3a-f73de5759d60,280.0,Black,500.0,2000.0,30.7,30.7
901082b7-55e5-4b5b-9ea2-6ad5c5f236b6,240.0,Black,450.0,2000.0,29.7,29.7
3dce029f-3705-4b77-b569-0f25ee3b060e,360.0,Black,650.0,1800.0,8.0,27.0
270b09f3-ef1b-4b0a-bf71-6c6edd623ef7,,Black / Silver,800.0,2000.0,6.0,28.0
938212be-a40a-43c3-96ea-f64113d11200,240.0,Black,,,35.0,35.0
18442609-ac90-440d-9175-1521dc183493,,Black,800.0,1600.0,9.0,26.0
5f5b5898-b5d6-4722-8909-435bd241d896,,Black,650.0,1800.0,6.0,31.0
b84b75e8-c9a3-4d8e-bee8-78a6bc28e21c,280.0,Black,200.0,1900.0,22.5,22.5
aa6b0dcf-b122-4c88-a796-562ce0fb3720,240.0,White,800.0,2500.0,37.6,37.6
16e08d8d-4b99-4c69-96e4-e5567fe40585,,Black / Silver,800.0,2000.0,10.0,31.0
ea086d56-4094-4cb6-922f-33c929011454,240.0,White,800.0,2000.0,,
48a553c7-2a62-4967-ad1a-ea1c3b25ca32,,Black / Silver,600.0,2200.0,26.4,26.4
7bb9b873-f0b8-4ed3-853a-6f59fe52173a,240.0,Black,550.0,1700.0,29.0,29.0
bec100d3-be49-4db3-898e-4c57b5039566,,,600.0,1600.0,9.0,31.0
cf7793e2-944d-4e43-8a84-06fe7413ad14,240.0,Black,200.0,1800.0,22.5,22.5
f5ec200f-c810-4047-b2de-b4d8a6d4f6a4,,Black / Silver,600.0,1800.0,31.0,31.0
ff2ae77d-8b34-40da-a8f8-37cf1673563c,,Black,500.0,1600.0,14.0,24.0
85234d3d-6a5f-4b3c-91af-0076f4b4131d,,Black / Silver,500.0,1200.0,29.2,29.2
76a3be54-e408-4616-abd4-7223ead363f3,,Black / Silver,200.0,1800.0,,
baac8e38-719d-419e-9a49-7324ffe74d55,,,700.0,1300.0,20.0,24.0
7fa3c0aa-3a41-498e-a41d-8c67a4495d90,,Black,200.0,1700.0,,
33ee5bbf-77b5-487c-afee-6496da8cbf90,280.0,Black,250.0,1800.0,,
c0160118-f40f-4227-9a42-9295c6819c06,,,1900.0,2300.0,22.0,22.0
f549a213-4025-4f31-af1c-fd0471685a98,,,1500.0,7000.0,16.0,47.5
490ea729-1a99-4154-a1c2-abfac24a89a0,360.0,Black,800.0,1600.0,20.0,35.0
609e76ba-d618-4fa7-8a73-31e7510a3ae9,,Black / Orange,300.0,2200.0,6.2,34.4
3d075e76-d5b0-47dc-8b82-a9889b217710,240.0,Black,300.0,1800.0,15.9,33.9
755bfe11-653f-405f-91ce-6f3838ce1bf7,240.0,Black,250.0,2000.0,30.2,30.2
164402b4-8dc1-4908-8843-5a9b459904ae,,,800.0,2800.0,17.0,35.0
2060cad0-18c8-49d9-9766-b1d1bfae56c5,240.0,Black,800.0,2500.0,37.0,37.0
1161408c-fece-41b0-889a-4e3c06d200bc,,Black / Silver,300.0,1850.0,29.4,29.4
3964a4b5-9675-4621-843a-7251603ccc3c,,Black,700.0,1800.0,28.0,38.0
f33a79e2-4e14-4972-bea3-bdc5f628d398,,Black / Silver,350.0,1800.0,4.0,22.9
00279981-bc27-4ccb-8e0c-29a026332bdc,,White,300.0,1200.0,10.0,23.0
b514b588-302b-4192-a85d-8c58fdf61936,,,300.0,1500.0,18.6,22.4
50857a65-1436-427a-a793-200f0b82252b,120.0,,2435.0,2435.0,37.7,37.7
15338a6b-82ea-4fec-a619-4571678d7cf9,,,300.0,1300.0,14.0,20.0
6ecf14db-946f-4d99-8f81-ff44714cb9f8,360.0,,500.0,1400.0,19.8,24.7
b1b8cec1-baa4-4d14-8b41-c5e278721800,240.0,Black,800.0,1800.0,28.0,28.0
2a3cc612-bedb-4f27-814a-e549f995336b,240.0,White,,,32.0,32.0
7be6a47a-c689-4d45-8883-0e2b0c863323,240.0,Black,800.0,2500.0,37.6,37.6
7eb24abf-237f-487a-8cf5-6dcafd7551c0,,White,700.0,1800.0,18.6,29.7
60182d58-b756-46fe-a094-ad6f0c91bf12,,Black,500.0,1600.0,35.0,35.0
1c3f0294-76f1-4e63-9e31-f0490754407e,,Black / Silver,800.0,2800.0,13.6,34.8
1f7846ae-b794-4ab0-8773-342adc927b83,,White / Orange,600.0,2500.0,30.0,30.0
2b45b6c5-0abc-42da-9dc0-c356f664f9d2,420.0,Black,600.0,1500.0,,
cd71f3b3-6731-4ae6-a78e-feaf9e2c605b,,Black / Silver,800.0,3000.0,33.0,33.0
ab98bad1-2aa3-4105-8771-7ffa246c037d,,Black / Blue,600.0,1400.0,26.0,26.0
5e6fee17-3d5c-4050-abb2-828641bc1e5f,,Green,500.0,1200.0,23.6,23.6
2df1cd40-80f7-4daa-a07a-2d84827498d6,240.0,Black,800.0,1800.0,,
a3d06207-7388-48b0-a962-edfd23d25b40,240.0,White,500.0,2000.0,17.0,32.6
6124bd9d-f3b7-4841-9cc1-634596ba0e61,,Silver / Black,1400.0,1400.0,11.9,24.4
45aa9c17-aa4f-4178-b825-6df39c6ab910,280.0,Black,,,31.5,31.5
16a013be-4c20-4979-a49f-f63b5380ee12,360.0,Black,550.0,1700.0,29.0,29.0
c71049e1-b719-408a-a173-dc113f77eaa3,,Teal,500.0,1200.0,23.6,23.6
7733a8a2-70f8-4d04-b35f-7db7f92cd11d,240.0,White,250.0,2000.0,30.2,30.2
e1aac08a-7e63-43a4-b4cd-a221b0581912,280.0,Black,,,35.0,35.0
71129c20-4c6f-4e17-a471-4da1e9a1c8c4,120.0,Black,800.0,2500.0,37.0,37.0
b6132906-4443-4170-92e1-2949e1675c28,,Black,1200.0,2500.0,26.0,26.0
4c39bced-6634-42db-b085-4505a8d737e6,280.0,,2100.0,2100.0,43.0,43.0
6de63dc7-0d25-4463-b4ea-bdcaa04a50f0,420.0,Black / Blue,1100.0,1100.0,29.4,29.4
d85724fe-b049-4096-b24a-eeacd318c9e7,360.0,Black,800.0,2000.0,,
f9e8a3d4-d061-4b9b-b94e-36b142aac49a,,White,600.0,3300.0,28.4,28.4
ff99ce37-8245-4b3d-a692-1ee3842daddf,360.0,Black,550.0,1700.0,29.0,29.0
3ddc46b8-c93d-4a7a-ad9d-995bdf9600a1,,Blue / Silver,900.0,2800.0,20.2,34.0
cdca02dd-3136-4f28-ae4f-d53f191270a8,,Blue / White,800.0,3000.0,14.0,33.0
e59d8294-dfc2-4520-9be1-b4c021c45830,280.0,Black / Red,300.0,1500.0,18.5,26.4
ad979d0b-351c-439f-8fde-323f7ca1653c,360.0,Black,750.0,1800.0,29.6,29.6
e0c72a15-106f-4b24-aa19-3b61acdcb912,,Teal / Silver,1000.0,2200.0,32.3,32.3
c1938d29-1e68-4a5c-beea-1a18893dec4f,,Gray,300.0,1400.0,18.5,23.9
38a05b05-3c0a-4180-851f-1edb59ae5cfb,,Black,500.0,1600.0,23.5,23.5
3c50b394-4f9a-4f20-afe1-049aaa99c606,,Black / Silver,1000.0,1500.0,24.53,24.53
72551e12-7782-4720-9edf-14263aa84c0d,,Black,800.0,2200.0,22.3,33.8
b7742c38-9867-4abd-a89f-623b314791dc,,Black,200.0,1800.0,,
e290f381-5cff-403e-90f8-e6349dab02d4,,Black,600.0,2000.0,34.5,34.5
ccc03288-df9e-48ec-9da2-470c48a9c1a4,,,1000.0,7000.0,21.5,59.14
29cd02af-8baf-4222-af50-922c188fd4d6,,Black,600.0,1500.0,22.0,32.0
30bf0e7a-6222-4116-bbdf-4b49caca702a,,,800.0,1500.0,16.0,24.0
35734be6-3016-4cc0-8cbc-1c69973362d2,,,600.0,1600.0,9.0,31.0
74dc8f7e-f6eb-421d-bb0f-c9bbbcda3402,,Yellow / Black,200.0,2100.0,,
e71a00cd-26f9-4c67-85ae-b64d9b835cd5,240.0,Teal,500.0,2000.0,22.3,22.3
bcdd4807-c934-4127-80a0-348ee6163bc7,,Black / Silver,600.0,1500.0,22.0,32.0
f0635e02-594a-4332-a11d-5d49b6e98421,,Black,600.0,2000.0,34.5,34.5
ad1f65f4-5ec9-44d3-b6ba-c2e5d56ba8b9,240.0,Black,,,31.5,31.5
c8c02fc0-673e-49e8-9e00-caa11fe8c053,,,1600.0,1600.0,15.3,25.4
a643b903-78ca-412f-b29a-be5fedf95e08,,Black / Silver,,,0.0,30.5
0e0395f2-de06-406c-adc8-9565bc7002ef,,,600.0,1700.0,13.0,28.6
493be169-45f7-442c-a080-115f21755be1,,White,800.0,1600.0,9.0,26.0
36bcf2ff-05e3-430b-9f82-6da09ce8be27,120.0,White,500.0,2000.0,17.0,32.6
943814a7-a169-4072-a017-f113dc554313,,,900.0,1800.0,11.0,21.0
b87c762c-4199-473e-b076-20f94c408128,,Silver / Black,700.0,2200.0,9.0,29.0
54676042-a73e-4b64-b8e1-bd0630b5d9f3,240.0,Black,800.0,1900.0,28.8,28.8
20631786-e7e4-4f45-b7a7-6061c95393c0,360.0,White,500.0,2200.0,36.8,36.8
057464a4-ef22-4c8e-8e78-9470687a89f1,240.0,Black,600.0,2200.0,14.3,35.6
b47bba6e-1916-4bdd-89e7-b568162da614,240.0,,500.0,1400.0,19.8,24.7
da8251f2-1f9e-4a1e-b069-43a6e5cf9712,360.0,Black,500.0,2300.0,14.0,28.0
bc50e40f-0f10-4ea0-890d-1d02910d7e3c,,,1000.0,3000.0,33.0,33.0
abadf4b1-98c3-4b67-bb9b-32801118dfa6,240.0,White / Silver,800.0,1900.0,32.0,32.0
84ebd92e-a530-4d1a-8a8b-9e0d43ae9367,,,1350.0,2600.0,18.0,27.5
00f376ac-e921-4bf7-b56f-ed9fbd637a0d,,Black,400.0,1800.0,28.0,38.0
b9589f70-1693-4b8e-84c4-ac1e213e460d,360.0,Black,800.0,2000.0,10.0,31.0
ba29d21c-c483-4722-afde-f4f9aeb5ba7e,,Orange,,,0.0,0.0
88c3d134-2f69-45e7-af1a-2ec930af08b1,280.0,Black / Blue,1100.0,1100.0,29.4,29.4
dacad24d-d61a-4e05-a4e9-aaf2316be5be,,White,600.0,1500.0,22.0,32.0
88866003-9870-4f02-8b81-12e0de331e73,,,1000.0,5500.0,56.0,56.0
2a65613c-b07b-42eb-be37-b5c4d3815271,360.0,Black,200.0,1800.0,,
5727bc7c-fbe9-4e61-8ece-8f9d07bea8e7,,,1000.0,2200.0,28.87,28.87
4718baaf-50a1-47c5-b709-714fc6ec1a72,,,900.0,2000.0,,
84757c13-16e3-4c12-9281-5800871252ad,,,1300.0,2650.0,18.0,27.5
19257dfd-dff3-43d2-9ee7-81309dd34886,,,1800.0,1800.0,23.0,23.0
4f243ee0-c5fc-46c0-9503-42707277ec1b,,,1000.0,3000.0,,
34c3c651-b574-4b11-ae36-b19e804277ab,280.0,Black,2300.0,2300.0,22.3,44.5
b3e76cde-ccd9-4412-a003-eed488e910b8,240.0,Black,800.0,2500.0,37.6,37.6
e0c22307-8edd-4ad0-8481-78ee70222453,240.0,Black,550.0,1700.0,29.0,29.0
998870ef-f761-4229-a9a2-fde80672a0f7,,,300.0,1200.0,4.0,24.9
1a74f1ad-8bf4-4d08-a05d-0ee0d1477d58,,,4500.0,4500.0,35.0,35.0
60635898-56cc-4fbc-8c78-fb126a4c5c71,360.0,Black,600.0,2000.0,34.0,34.0
3160fe07-6d62-4869-967b-91a0cb670027,,Black / Silver,500.0,1500.0,38.5,38.5
aaa3ce2d-4c6e-427f-a2c6-37a9f5d0d693,,,,,0.0,0.0
302e0673-5af5-4d72-b60f-bdf0896d2204,280.0,Black,500.0,2000.0,33.2,33.2
c30e4735-4dca-43e4-9f71-8c9df947c013,,White,500.0,1600.0,35.0,35.0
ab429920-6050-47cf-926b-8617a431d576,,Silver / Black,1500.0,3600.0,21.9,34.7
01526107-7aca-4885-9246-5167c156f89e,,,900.0,1300.0,16.1,22.5
23fa5f2f-3000-43ad-97a4-2415f1d81fc3,,Black / Yellow,300.0,1200.0,4.0,24.9
57af862b-75c4-42c9-9858-bbc04ba438cb,360.0,Black / Gray,500.0,1500.0,19.0,23.9
fe174156-5c98-44a7-aaad-469e094a6e5b,280.0,Black,600.0,1600.0,9.8,23.4
5d2e7c5e-a184-41e9-b3de-de5d7cfc2ec7,,,2500.0,2500.0,20.0,28.3
8f2c633f-0bb6-46f1-bee9-975fa0a7aab7,,White,600.0,1500.0,22.0,32.0
e006ca48-dbbe-4154-8e43-948681491744,240.0,Black,500.0,2300.0,14.0,28.0
c9816e9d-6dcf-4d3c-8a5e-88bb6a921d1d,120.0,Black,300.0,1800.0,15.9,33.9
90327b54-7c5a-4002-aef7-0f9d84826f92,120.0,Black,800.0,2500.0,37.6,37.6
ae55371e-30e2-41bd-8424-4022f196d4a1,,,2400.0,2400.0,8.0,24.0
cfb13cc4-15e7-4625-a857-aa6b75e4c77d,360.0,Black,800.0,1800.0,,
07955554-d365-4ec8-b8ae-f393ef25e3ff,240.0,Black,600.0,2000.0,34.0,34.0
d500207a-179c-4c9b-8600-97166aa14919,,,,,,
5132f921-6507-4ef5-b3c1-80ea14a515dc,,,550.0,2500.0,18.5,32.0
d68adf92-7153-45cf-992e-a230605506d4,,Black,650.0,2000.0,22.95,22.95
b0cd8af9-3114-4e90-bce2-b83d33ab8c49,,,1200.0,3400.0,18.0,26.0
1dd44d4c-8297-4e65-9965-3664cb86ffff,,Black,2150.0,2150.0,28.1,28.1
8fcf0da6-8340-4313-bf1b-5211908151b7,240.0,,600.0,2400.0,16.0,38.0
ddc1da97-13f8-46cc-b7d6-facd89387e90,,Black / Silver,1000.0,1800.0,26.3,26.3
6a556ae8-043b-4cf3-b212-7ba33449d0e7,240.0,Black / Gray,500.0,1500.0,19.0,23.9
90049adf-15fe-40b6-84ba-62e562127e9c,,Teal / Silver,500.0,1850.0,0.0,36.0
b25c0054-1f74-41de-8d7e-09dcdff6eb18,,,,,0.0,0.0
a2b10fc2-9737-4a1a-a5a4-2d50e08b8fab,,,2200.0,2200.0,27.0,27.0
05e3b164-4219-4e76-8265-fbd7b9036fe9,240.0,Black,600.0,1800.0,37.1,37.1
279271d7-4df7-46d4-b5a0-ebde55c19489,280.0,Black / Gray,500.0,1400.0,19.8,26.2
afd60a25-fd1e-48b2-8145-a8705cdc719e,360.0,Black,1000.0,2000.0,21.8,33.0
983f6ceb-0867-4c97-8ae3-9c424582bcf2,240.0,Black,800.0,2000.0,,
f0d42834-e166-49cd-8277-e72fe835a92d,,Blue / White,1500.0,2800.0,14.1,27.7
a06acab9-b5d1-4552-b8d9-e95463d8c09d,,,300.0,1400.0,13.0,18.0
cb80f017-fddf-43e7-989d-89ab81c3ac08,,,650.0,1400.0,28.0,28.0
b7a4f1e2-0ab4-457d-b5f5-c65331f03090,,Black,200.0,1400.0,28.43,28.43
6aadafb0-8f4b-4651-bafb-7e89c17fa65f,240.0,Black,500.0,2000.0,14.0,28.0
2303eef1-8673-4f7f-a72f-58ccc549f323,,,2000.0,2000.0,8.0,24.0
28a67386-cb2c-41dc-9169-b7825b738160,,Black,200.0,1400.0,28.43,28.43
98587a72-a9e3-4939-88f3-071a95487782,140.0,Black,400.0,1800.0,28.0,28.0
b711342c-f613-4a51-9521-ca48e42340ba,,Black / Silver,800.0,1500.0,29.0,29.0
7a49e9e6-5de6-4219-aa66-65d443abdb49,280.0,Black,600.0,1500.0,,
01f2d8c0-b4ce-4ab3-9422-d71033c92ba4,,Black / Silver,600.0,2000.0,34.5,34.5
6cad5545-ec21-42b8-aab1-773e09fb01e2,,,,,,
3b580e25-1656-4bc9-b1d2-7f1d85a49e5f,360.0,Black,600.0,2200.0,7.3,36.6
d2d3b654-752b-4dc8-94d8-949ab8d81517,,Black,600.0,2000.0,34.5,34.5
0b9efa18-cc69-4544-a6a2-c5843e690edf,,,2200.0,2200.0,22.0,22.0
9a4a9769-ff8c-4870-8c75-3c4139a01f11,240.0,Black,500.0,1600.0,23.5,23.5
b0700694-6918-4e82-8f5e-ee127248b07a,,,2400.0,2400.0,8.0,24.0
1ac203ff-4a5e-4a46-8d8d-c0b832f1da57,,,1900.0,2300.0,22.0,22.0
32203e03-a48f-43a5-9c87-f94400ed208a,,White,800.0,1500.0,27.0,27.0
069eb0e1-71c1-4d41-8b93-507417645b26,360.0,Black,800.0,1800.0,28.0,28.0
e4f7aa13-2372-4828-8a79-130009826bcf,,,800.0,1700.0,22.0,22.0
8b5a74a8-ffa2-4e54-9441-fa00e7fafa74,,Teal / Silver,500.0,1850.0,0.0,36.0
5030f942-ea8a-4b5e-b508-8e860a4052d2,,Silver / Teal,1000.0,3000.0,31.5,31.5
f1343881-abd1-46e3-8c0a-f7c8637bbcd5,120.0,,,,,
efee8a04-c13b-4342-bf99-73ae4a6ee742,,Teal / Silver,500.0,1850.0,0.0,38.0
b39a7fed-f849-4549-be3e-2416ae5edd85,240.0,Black,600.0,2200.0,7.3,36.6
1a7d1c8d-76fe-4401-bd94-e4e31b9add82,,,,,,
393b0cf9-d779-441a-86f4-79182db7ef56,,Black / White,700.0,1300.0,,
501a7ba9-9062-4979-af8c-b43b9bed0dca,,,,,0.0,0.0
8970cc64-2887-4593-97af-4a65568fa7e5,360.0,Black / White,400.0,1800.0,25.0,25.0
f6d48e8d-793d-4b16-b7d4-708515beae81,,,1000.0,1500.0,24.53,24.53
93cbc003-99e4-4a1c-b480-0b68a51d8498,,,3200.0,3200.0,25.17,25.17
04442775-19ec-47f6-8fb9-aa26e20dba31,,,1200.0,1800.0,39.0,39.0
8d47450d-3ee0-46e5-b778-d45edc5cb436,,Silver / Red,600.0,2500.0,21.0,45.0
30b36300-e50c-4efc-8128-ed47b0ac00a0,,,500.0,1300.0,13.0,30.7
47db38ad-8023-405b-93a6-68c056f18313,,Black / Silver,1200.0,3000.0,19.3,44.5
dfbc155f-972a-4e7d-8d08-2a227623857f,,,210.0,2100.0,28.8,28.8
feb45af4-6788-4b0e-83ff-748189ef999e,360.0,Black,600.0,1800.0,37.1,37.1
a8611074-8f95-43c7-9fa7-ab1fbe13c936,240.0,Black,500.0,2500.0,23.0,23.0
7caf0333-a6b9-4f1c-a32b-3e2e14449d24,240.0,Black,400.0,1800.0,28.0,28.0
9625ef1f-4170-4a99-9188-1b8411715d79,,,650.0,1400.0,28.0,28.0
a8ab8149-a9c0-47cc-a7e2-6dfbed770588,,,1500.0,2500.0,15.0,25.0
9abe3178-151b-406b-82cd-85b17196558c,,Teal / Silver,600.0,1400.0,22.5,22.5
636921ab-fa69-4313-9ca6-0f6bdd8690cc,,,600.0,2500.0,14.5,25.0
5a32e911-4dbd-498e-a061-ab5a44f59e50,,,800.0,1800.0,10.0,21.0
51a43644-0c35-4cf3-81c5-d93dca69c8fe,280.0,Black,400.0,1800.0,28.0,28.0
1897b1b4-35a4-448e-8853-f3701152c900,360.0,Black,400.0,1800.0,28.0,28.0
ce8245c8-5517-4b6a-99de-da77f0e1d39d,,Silver / Black,500.0,2000.0,18.0,41.0
a168276a-b8ca-4606-b6cd-d3ec214c9cb0,,,1200.0,5000.0,18.02,42.5
92e02473-8fd5-4fd8-aebb-7da07df1fa7a,240.0,Black,500.0,2300.0,14.0,28.0
1e212055-0942-4855-bd44-f6d873d1777e,,,2400.0,2400.0,26.2,26.2
07017569-9a2d-47e0-8204-b0f21036a257,,Blue / Silver,1500.0,2800.0,14.1,27.7
65941ced-4a3a-4028-8979-8846d6e94d33,,,1500.0,3400.0,18.0,26.0
9906a18c-b515-4d54-9bc7-8672b234ba2c,120.0,Black,400.0,1800.0,28.0,28.0
1f8056ad-c971-4e09-8a47-2a05efb46a9c,,,1000.0,4500.0,13.14,45.9
9dcbb177-73f2-4afa-b639-56b8cae00425,,Black / Silver,600.0,1600.0,32.0,32.0
42e5ab9a-da6f-4fc3-b0e7-a87f2b5857db,,,1200.0,3500.0,21.56,62.88
12aab354-2998-43c0-89a2-ee757f667358,,,300.0,1300.0,15.0,21.0
23858e46-b902-4abd-bb00-b2ac895321f6,,Teal / Silver,500.0,1850.0,0.0,38.0
bafd5105-083e-4f8b-95c7-66705564cbf1,,,,,,
1f550445-2bcc-425d-82f8-44abb0345915,,,2750.0,2750.0,28.2,28.2
40aa3fdd-5498-40d9-a597-2110035bc7b5,,,500.0,1300.0,13.0,30.7
7cd1baa0-7dcd-4e79-a829-ac348ec838c9,,Black,500.0,1800.0,32.5,32.5
7e123dc8-c8fa-4d7f-ab5a-e4cbaf707877,,Black / Gray,600.0,1200.0,20.5,20.5
3034dfea-cbd6-49b6-9232-60c765cba3d8,280.0,Black,600.0,1200.0,,
18767800-3173-410d-bb4c-07632570e07d,240.0,Black / White,400.0,1800.0,35.5,35.5
7ea83bea-dd05-4dbe-b811-4cbac540f1ab,,,800.0,1800.0,16.0,26.0
630f3a94-a56b-457d-aae9-4bba92f3a00f,,,500.0,4000.0,18.07,39.03
947c86a0-e52a-44a2-962f-806e9e8a72d2,,,750.0,1500.0,12.0,25.5
41ac46a4-0732-4904-8527-ffb79515d35c,,Black / Gray,600.0,1200.0,20.5,20.5
732f3c15-c294-41cd-9817-16b2710a553f,,,2500.0,2500.0,20.0,28.3
65a35136-3d08-4a14-ba00-335c2665a1c4,,Black / Silver,800.0,1500.0,29.0,29.0
e99eb096-ff7c-4bdb-b90d-f093baf6a6cd,,,1000.0,4000.0,12.0,40.0
d326bced-c531-4778-8acc-cf141fb259f9,,,1000.0,3800.0,16.0,43.4
f5bc6178-1571-4d78-acde-0d4f149f79aa,,,500.0,4000.0,18.07,39.03
164bf01d-3a89-4859-a3db-a6b9aa6cf230,,Orange / Silver,300.0,1300.0,15.0,21.0
0206b1b1-a5db-40c4-bdf7-6d4a49e73c34,,,1000.0,2500.0,14.7,29.8
2e1c47dc-e9fe-49ba-b451-11d29a60942a,,,1700.0,3100.0,18.0,33.4
282eb1d9-15ce-4e23-bcaf-96e819c329a2,,,800.0,2200.0,38.1,38.1
12f39a1e-c1da-416f-9765-1b599b11b7b7,,,1200.0,5000.0,18.02,42.5
cdf66a3e-d7a0-428f-a78c-91a8102d58f4,,,1000.0,2500.0,17.0,31.92
189bac51-9eeb-482b-9ee7-a2594079c18f,,,800.0,2500.0,15.0,35.0
b42ac154-0eed-41f6-ac01-a9f63f716782,,,2200.0,2200.0,8.0,24.0
c7bb52be-dd73-4170-99d3-48dd7deb3768,,,700.0,1200.0,12.0,19.3
2d7512e7-b2db-4a21-bc89-4e6a481c9f15,,,300.0,1500.0,4.0,29.8
a4f1f2ad-0ffd-4774-8ea1-6cd3db205d67,,Silver / Black,1000.0,2200.0,,
92b57342-6fe6-457e-a135-f6d1fe2cf8dd,,Black / Teal,600.0,1400.0,22.5,22.5
6efdbfec-6786-49c9-8fe7-a294ee7557d0,360.0,Black / White,400.0,1800.0,35.5,35.5
f17fad76-b7de-455b-b32d-3dae11a87dfc,,,1100.0,6000.0,19.1,53.8
2809a772-4a8e-4afd-b02b-0b194d31f9ae,,,900.0,2200.0,10.0,24.1
e2ca67f4-c0c9-4899-8823-8b05142cd6a5,360.0,Black,500.0,2500.0,23.0,23.0
de82fe4f-2b44-4808-9f6f-9cb950c07242,,Black,600.0,1400.0,22.5,22.5
2150509a-e4cf-403c-bea9-4d6a944a1c27,,Black / Silver,800.0,1600.0,37.8,37.8
5a74053f-b62e-4d7a-883f-dbe50af8dfd3,,,1800.0,1800.0,20.0,20.0
e39d257a-d6fd-4caa-a545-cb4c494d3ca9,,,1000.0,5000.0,20.71,51.7
f55f778e-bb25-400f-93e9-74534991f86f,,,1300.0,2000.0,16.0,24.0
dc9dcac2-34a6-4c4f-b346-c124340edc91,,,1500.0,7000.0,16.0,47.5
8e6d8a02-509c-409f-a01d-d87912a8a8c1,,,800.0,1500.0,27.2,27.2
7e19908b-743b-4604-b003-3f871b46a4a0,,,800.0,1600.0,,
f988505c-57b1-41c9-b0e6-fa45bc8fc95b,,,1000.0,2500.0,17.0,31.92
