PartID,CoreClock,BoostClock,Memory,Chipset,Length,Color,TDP,ChipsetID
d1b300ce-c2d7-4446-a723-7613d177978a,1320.0,1777.0,12.0,GeForce RTX 3060 12GB,235.0,Black,,1
82540987-8c69-4389-939e-02699e341d7b,1920.0,2490.0,12.0,GeForce RTX 4070,261.0,Black,,2
b63839f3-138c-4361-872f-3a0f7b73084e,1320.0,1807.0,12.0,GeForce RTX 3060 12GB,316.0,Black,,1
582812cb-2ae5-45bf-822c-bfd6e98c9e23,2321.0,2581.0,12.0,Radeon RX 6700 XT,304.0,Black,230.0,3
82a0a574-7c95-4895-8b05-8bf8e6e6962a,2310.0,2760.0,12.0,GeForce RTX 4070 Ti,305.0,Black,,4
a98a43c5-fd3f-4be5-8d0f-15a87a101c43,2321.0,2581.0,12.0,Radeon RX 6700 XT,269.0,Black,230.0,3
08f14a79-dd44-49ad-abc6-664f57a5aeb6,2009.0,2368.0,16.0,Radeon RX 6950 XT,340.0,Black,,5
f4b5d1f1-b043-4bb2-bde7-4b3333fc675c,1825.0,2250.0,16.0,Radeon RX 6800 XT,340.0,Black / Silver,300.0,6
7783d074-306e-4cd9-89ce-a8fb62a19a5b,1626.0,,8.0,Radeon RX 6600,269.0,Black,,7
a629e659-9db2-4a5e-80a6-7c1205be3c61,2230.0,2520.0,24.0,GeForce RTX 4090,304.0,Black / Silver,,8
fdd7ffbd-c90d-4939-86fe-7c7570e3d8dd,2300.0,2615.0,24.0,Radeon RX 7900 XTX,344.0,Black / Silver,,9
259eb38d-6345-498e-b6fc-7263914bbc31,915.0,2505.0,48.0,RTX 6000 Ada Generation,267.0,Black / Gold,,10
a5ebcef8-4565-493b-a4d2-a9e057d3906c,1410.0,1710.0,8.0,GeForce RTX 3060 Ti,230.0,White,200.0,11
d6ce9e24-416f-4df7-8e42-c304525a442d,1366.0,1386.0,8.0,Radeon RX 580,270.0,Black / Red,185.0,12
060e6eb6-64af-405e-949c-f7b377026e6b,2321.0,2581.0,12.0,Radeon RX 6700 XT,260.0,Black,230.0,3
f1296ddb-fb81-4ce2-bf3d-61e5aca1a635,2310.0,,8.0,GeForce RTX 4060 Ti,272.0,Black,,13
da7255c3-c32e-47d0-97bf-881e5ba170c1,2055.0,,8.0,Radeon RX 6650 XT,235.0,Silver / Black,,14
686a531c-8a63-45f4-8379-fee32406cdb4,1830.0,2505.0,8.0,GeForce RTX 4060,199.0,Black,,15
41e374aa-e7fe-40b5-b6c5-b68ec95e3653,2235.0,,24.0,GeForce RTX 4090,337.0,Black,,8
52bf2960-731e-4d1e-98cb-7a643d99ccab,2520.0,2550.0,12.0,GeForce RTX 4070,267.0,White,,2
b11bf058-187f-49f4-a9ed-54b2121c79eb,1626.0,2491.0,8.0,Radeon RX 6600,241.0,Black,,7
8efcc9b9-44fe-47d1-ad8c-5989280d64fe,2000.0,2450.0,20.0,Radeon RX 7900 XT,313.0,Black / Red,,16
200486d5-2c3d-49f1-95cd-e1b0c6977af9,2205.0,2535.0,16.0,GeForce RTX 4080,348.0,Black,,17
fcf1fe29-5f36-4d71-99f4-ca11733bbe8f,1700.0,2105.0,16.0,Radeon RX 6800,340.0,Black,250.0,18
725d8b48-a694-46ea-a7b1-75e315df6309,1920.0,2480.0,12.0,GeForce RTX 4070,244.0,Black / Silver,,2
0f99e39f-1871-41c8-b14a-1d45431c6beb,2000.0,2560.0,20.0,Radeon RX 7900 XT,344.0,Black / Silver,,16
c3675baa-9586-42f4-8e7e-acb5a3a56ef4,2235.0,,24.0,GeForce RTX 4090,340.0,Black,,8
4e9489f6-ee38-48bf-abe1-8af9b9776f5f,1825.0,2310.0,16.0,Radeon RX 6800 XT,310.0,Black,300.0,6
3d193666-3565-4718-80c9-aa789f77150c,2310.0,2640.0,12.0,GeForce RTX 4070 Ti,305.0,Black,,4
f675ddd2-c16a-418f-84d9-d4f763d787c6,2210.0,2510.0,16.0,GeForce RTX 4080,304.0,Black / Silver,,17
0a82d2f2-0b92-448f-8280-86df656b6755,2235.0,2640.0,24.0,GeForce RTX 4090,358.0,White,,8
eed8dae6-70e9-4d15-b6f3-a76aa06bbced,2132.0,2425.0,10.0,Radeon RX 6700,304.0,Black,,19
42b6a1e3-eaa2-4787-8c5e-080c01ad34ea,1626.0,2491.0,8.0,Radeon RX 6600,200.0,Black,,7
a6971136-d852-4867-8367-aaf9e49bc109,2150.0,2618.0,12.0,Radeon RX 6750 XT,303.0,Black,,20
523f7d77-dbdb-447b-b3bf-b74cbabf0c02,1920.0,,12.0,GeForce RTX 4070,308.0,Silver / Black,,2
d80ca6e8-0cfc-4b8c-8d1d-17962ee7d396,2205.0,,16.0,GeForce RTX 4080,322.0,Black,,17
41385419-f4d4-4f7a-8287-b023b3ebdbb9,2310.0,,8.0,GeForce RTX 4060 Ti,308.0,Black,,13
fadc0c65-c23b-48c4-865e-b8369dd9c091,2300.0,2525.0,24.0,Radeon RX 7900 XTX,313.0,Black / Red,,9
80277b8a-ed02-4bbb-af21-5685ff65552a,2300.0,2615.0,24.0,Radeon RX 7900 XTX,330.0,Black,,9
eff609b7-1df6-4076-9de3-ff352bcf71b3,2310.0,2760.0,12.0,GeForce RTX 4070 Ti,337.0,Black,,4
55fea072-73b5-4b80-8de3-4608307cf3b3,1920.0,2565.0,12.0,GeForce RTX 4070,300.0,White / Silver,,2
0ef285ef-9bd3-4852-a0d4-7cf58ac91f42,2550.0,2580.0,12.0,GeForce RTX 4070,301.0,Black,,2
45c41b10-27e5-4c74-b399-b2933f55d745,1320.0,1867.0,12.0,GeForce RTX 3060 12GB,200.0,Black,,1
c5820b3c-d095-4af1-8db7-93bf70849cb3,2321.0,2581.0,12.0,Radeon RX 6700 XT,228.0,Black,230.0,3
6c4bdef2-1be2-4ebc-b5a2-07fe7df6d85b,2310.0,2625.0,12.0,GeForce RTX 4070 Ti,261.0,Black / Silver,,4
fe753b29-7967-4b2e-96b2-af86bf2c8518,1830.0,2535.0,8.0,GeForce RTX 4060,227.0,Black,,15
72631100-4cc9-4435-ab38-31c3381102fb,1825.0,,16.0,Radeon RX 6800 XT,330.0,Black / Silver,300.0,6
dc6b55ee-99b9-40f1-b284-f5352df7866d,2235.0,,24.0,GeForce RTX 4090,280.0,Black / Silver,,8
771bdc37-7ed9-452f-9c8e-1ef07841294c,1575.0,1815.0,8.0,GeForce RTX 3070 Ti,300.0,Black,290.0,21
b518047e-1725-41da-be07-d2d099820904,1626.0,2491.0,8.0,Radeon RX 6600,193.0,Black / Red,,7
de572855-007b-4b1e-a0e0-2a84cdac01ae,1530.0,1815.0,6.0,GeForce GTX 1660 SUPER,204.0,Black / Silver,125.0,22
f98055d0-d401-49f7-b593-2b3ee9605389,1830.0,,8.0,GeForce RTX 4060,281.0,White,,15
47245b75-d5f7-46d2-a8a3-7398c7f48455,2235.0,2595.0,24.0,GeForce RTX 4090,348.0,Black,,8
8cbf8d49-fdba-4732-9f97-97206c1a5dcd,2310.0,2655.0,12.0,GeForce RTX 4070 Ti,308.0,Silver / Black,,4
dc2a6a09-ae13-4a19-9324-5c097ccc9c57,2050.0,,8.0,Arc A750,250.0,Black,,23
b2768746-c163-418e-a5cc-cb5abef930cf,1365.0,1710.0,6.0,GeForce RTX 2060,190.0,Black,160.0,24
06372d2c-30e0-45a7-8563-9ab75a2682f7,2150.0,2623.0,12.0,Radeon RX 6750 XT,327.0,Silver / Black,,20
a9cb88d2-5fc9-4559-b482-7b2bb1b1816a,1500.0,1815.0,8.0,GeForce RTX 3070,286.0,Black / Silver,220.0,25
8559a7ae-5cbb-449d-9403-1fd209c135d4,2205.0,2610.0,16.0,GeForce RTX 4080,337.0,Black,,17
0985e61c-8006-4602-a4a7-d5a7dd43e1c3,1410.0,1710.0,8.0,GeForce RTX 3060 Ti,230.0,Black,200.0,11
647b42bf-ffed-4f7c-a4d7-495ffa79ee44,1875.0,2655.0,8.0,Radeon RX 7600,241.0,Black,,26
dadca0ca-22f4-4c77-945f-f0e5150be4e9,2235.0,2535.0,24.0,GeForce RTX 4090,356.0,Black / Silver,,8
7c5d8bb4-4f1e-42f4-9a77-982bfa2546d9,2520.0,2535.0,24.0,GeForce RTX 4090,342.0,Silver / White,,8
a79e74d3-2206-48af-bea3-1be3f6a9552d,2300.0,2500.0,24.0,Radeon RX 7900 XTX,325.0,Black / Silver,,9
fca6c056-8d3b-4106-bf86-a4e09cac61fd,1575.0,1770.0,8.0,GeForce RTX 3070 Ti,318.0,Black,290.0,21
20ffeea8-ffc1-40c4-925b-a536fafc709e,1320.0,1807.0,12.0,GeForce RTX 3060 12GB,224.0,Black,,1
d456257e-ae52-435b-a454-8f946ef7410f,1320.0,1792.0,12.0,GeForce RTX 3060 12GB,198.0,Black,,1
923958fd-cb6b-4d67-9c3d-f2126b12cad6,1825.0,2250.0,16.0,Radeon RX 6800 XT,340.0,Black,300.0,6
4a81bd53-e6d3-4d4c-86a4-7543c5186f3c,2310.0,2595.0,16.0,GeForce RTX 4060 Ti,281.0,Black,,13
f926dad9-fa77-4759-9ba5-f54ad0c33cfc,1500.0,1785.0,8.0,GeForce RTX 3070 LHR,291.0,Black,,27
dd08edd1-ac2e-40f7-9656-9f9b8b78a786,2310.0,2625.0,12.0,GeForce RTX 4070 Ti,307.0,Black,,4
1f6247fd-c801-4740-9e39-39be2767bc02,1410.0,1785.0,8.0,GeForce RTX 3060 Ti,302.0,Black,200.0,11
25a6cdd5-119a-47d7-9c34-b9f71881b042,2000.0,2535.0,20.0,Radeon RX 7900 XT,344.0,Black / Silver,,16
11d5b9bb-5c19-426d-896c-460b377e6826,1830.0,,8.0,GeForce RTX 4060,192.0,Black,,15
ede7793a-0cd8-436c-839f-d12611b627b5,2310.0,2595.0,8.0,GeForce RTX 4060 Ti,227.0,Black,,13
76a043d1-3142-44c6-8d51-11ac63ae59a1,1410.0,1620.0,4.0,GeForce GTX 1650 G6,179.0,Black / Silver,,28
12c42a74-d111-41aa-8f40-efe12f225397,1320.0,1837.0,12.0,GeForce RTX 3060 12GB,280.0,Silver / Black,,1
a88a8480-276c-4d29-aa41-b00e22659548,2205.0,2535.0,16.0,GeForce RTX 4080,342.0,White,,17
b7ee0248-05b1-48a4-ba63-79b53a5233a5,2310.0,2640.0,12.0,GeForce RTX 4070 Ti,336.0,Black,,4
b0c8546d-bb7f-496e-b235-a53221fdd477,2205.0,2655.0,16.0,GeForce RTX 4080,358.0,Black / Red,,17
016e9bab-529b-4c59-9e97-c4674544debd,1530.0,1845.0,6.0,GeForce GTX 1660 SUPER,206.0,Black,125.0,22
d6e78f23-2aa5-4928-994b-76b333037449,2310.0,2790.0,12.0,GeForce RTX 4070 Ti,336.0,Black,,4
c4eda400-3103-4f54-b8e1-91a4db8f5a5f,2150.0,2618.0,12.0,Radeon RX 6750 XT,295.0,Black / Silver,,20
59f778a3-70c6-4bdb-b1de-644ccc67f8be,1958.0,2324.0,16.0,Radeon RX 6950 XT,330.0,Silver / Black,,5
e1d37215-990a-4493-9d27-6d17c728f82a,2300.0,2525.0,24.0,Radeon RX 7900 XTX,338.0,White,,9
c9a33550-389e-4b7b-b1a1-8650345c28b3,1440.0,1800.0,10.0,GeForce RTX 3080 10GB,300.0,Black,,29
c33aacd7-c08a-4d55-8ab3-a7a94263f1fa,2230.0,2565.0,24.0,GeForce RTX 4090,332.0,Black,,8
ef6854d9-ebbb-44c6-9d39-0654870d0730,1410.0,1695.0,8.0,GeForce RTX 3060 Ti LHR,222.0,Black,,30
e4cac083-d844-445c-ad27-ba9ad884266a,1920.0,,12.0,GeForce RTX 4070,338.0,Black / Gray,,2
22f5a9e9-103d-4d51-a333-2363b65217b4,2235.0,,24.0,GeForce RTX 4090,336.0,Black / Silver,,8
4b867ff3-b985-491a-8e4f-c203a10eb97d,1665.0,1680.0,8.0,GeForce RTX 3060 Ti,282.0,Black / Silver,200.0,11
cbe0fe07-c6fa-46fc-b875-f6de7dd01132,2300.0,2525.0,24.0,Radeon RX 7900 XTX,320.0,Black,,9
8eb468c6-e332-47a0-94d5-0bdd682fb5a6,2475.0,2505.0,12.0,GeForce RTX 4070,267.0,Black,,2
a8730e7d-63f2-49e4-b2c6-feda42e38b85,1920.0,2490.0,12.0,GeForce RTX 4070,226.0,Black,,2
09c89ed3-b279-48c1-b8ad-37edf83cb220,2000.0,2450.0,20.0,Radeon RX 7900 XT,330.0,Black,,16
6a3b6891-4be7-4a82-960d-b9cbd9d83e2b,2205.0,2520.0,16.0,GeForce RTX 4080,342.0,Black,,17
78932c7a-fa7d-4430-940c-e038420c5a84,2300.0,,24.0,Radeon RX 7900 XTX,353.0,Black,,9
61fe2553-d3f0-4797-a344-2d5ae14773c9,1720.0,2755.0,8.0,Radeon RX 7600,282.0,Black / Silver,,26
504cca4f-d3cc-4843-b5f1-91e8b0f49d59,2150.0,2600.0,12.0,Radeon RX 6750 XT,323.0,Black,,20
e3f16490-4c43-4770-828c-7e019e215c89,2310.0,,8.0,GeForce RTX 4060 Ti,281.0,White / Silver,,13
d5f29f35-55fe-48ce-954f-38fdd94a988d,1395.0,1800.0,24.0,GeForce RTX 3090,300.0,Black,350.0,31
7f9630b2-983f-4b8e-b06f-18e497a6e27b,1700.0,2155.0,16.0,Radeon RX 6800,300.0,Black,250.0,18
2573d3c3-4ba0-4446-b767-1883711ee8a1,1720.0,2755.0,8.0,Radeon RX 7600,240.0,Black / Red,,26
3d624e5f-f72b-49e4-aac7-e7bd2dd1049c,1941.0,2495.0,10.0,Radeon RX 6700,260.0,Black / Red,,19
4cff3f2f-3036-4518-992c-8351d8f2754b,2055.0,2669.0,8.0,Radeon RX 6650 XT,269.0,Black / Black,,14
2249bbf6-4633-4e07-8eee-67e8e7761300,1720.0,2695.0,8.0,Radeon RX 7600,235.0,Black / Silver,,26
e8414031-a34d-4a2c-b6c9-3b1525f73175,780.0,780.0,4.0,Radeon R7 240,146.0,Black,30.0,32
c69700e6-9c71-4e8f-82d1-53345fc61902,1410.0,1695.0,8.0,GeForce RTX 3060 Ti,305.0,Black,200.0,11
d8121f20-b7d4-46b3-8231-fc89570c5178,2205.0,2655.0,16.0,GeForce RTX 4080,358.0,White,,17
7ded1d42-206e-451b-ba40-93eb5f0a8ac4,2205.0,2535.0,16.0,GeForce RTX 4080,342.0,Black,,17
3ab76408-4068-4ea0-9b15-a772adf78a06,1320.0,1882.0,12.0,GeForce RTX 3060 12GB,301.0,Black,,1
25013979-db99-46a8-bb23-95f1365ffa27,2321.0,,12.0,Radeon RX 6700 XT,295.0,Black,230.0,3
8dbd54fc-3a54-44a5-baea-dbda56eba753,1500.0,1725.0,8.0,GeForce RTX 3070,282.0,Black / Silver,220.0,25
19c5e095-43af-40d5-ab08-b35859f054c7,1320.0,1867.0,8.0,GeForce RTX 3060 8GB,200.0,White,,33
ce57dc08-ea16-4b0c-b206-53193066ca9c,2055.0,2635.0,8.0,Radeon RX 6650 XT,241.0,Black / Silver,,14
4da0e892-f847-4e76-8d6f-93790f2cc2e9,2235.0,2520.0,24.0,GeForce RTX 4090,337.0,Black,,8
8f27529e-417a-4375-9349-257ca911766f,2300.0,2565.0,24.0,Radeon RX 7900 XTX,338.0,Black,,9
310c84bf-15c2-432e-8a96-6e778510f5ce,1550.0,,8.0,GeForce RTX 3050 8GB,282.0,Black,,34
b6cd1b82-962a-486b-a689-cc40d5ede128,2000.0,2500.0,20.0,Radeon RX 7900 XT,320.0,Black,,16
8b1159fb-fba3-4d6f-b0c5-09fae32bae17,1550.0,,8.0,GeForce RTX 3050 8GB,278.0,Black,,34
1f33a445-b401-46cd-b023-f5860947934d,1968.0,2602.0,8.0,Radeon RX 6600 XT,235.0,Black / Silver,160.0,35
09caf578-057a-4122-8695-54e9d0500912,1920.0,2565.0,12.0,GeForce RTX 4070,300.0,Black,,2
84aa5570-33b1-42f1-97ca-cab46e9f429d,2235.0,2565.0,24.0,GeForce RTX 4090,322.0,Silver / Black,,8
fbc7b999-8f54-4ad0-818e-ed04e8774ded,1950.0,2365.0,16.0,Radeon RX 6900 XT,340.0,Black / Silver,300.0,36
bd4200a0-20fc-4283-84df-4b1319ecdd56,1700.0,,16.0,Radeon RX 6800,303.0,Black / Red,250.0,18
5a7c5944-da1b-48fc-a9dc-3a4ab49b1284,1500.0,1815.0,8.0,GeForce RTX 3070 LHR,286.0,Black,,27
92be9a9f-a38d-445b-bd81-abc0a70e5bae,1575.0,1800.0,8.0,GeForce RTX 3070 Ti,316.0,Black / Silver,290.0,21
eed6b1db-fd4e-4cea-a084-86ba1a503277,2310.0,2610.0,12.0,GeForce RTX 4070 Ti,332.0,Black,,4
63b1219d-dead-4dc3-b141-ba3a7ed572d8,1920.0,2475.0,12.0,GeForce RTX 4070,247.0,Black,,2
049139c5-3175-429b-94a5-3ff894abfae6,1365.0,1800.0,12.0,GeForce RTX 3080 Ti,300.0,Black,350.0,37
6e958a5d-a03d-42b7-9d4e-2217130843aa,2200.0,2400.0,16.0,Arc A770,267.0,Black / Silver,,38
ffd15106-7488-4e84-9bee-057273132721,1920.0,2505.0,12.0,GeForce RTX 4070,261.0,Black,,2
ea1de604-ca19-493b-86b8-e375634eda5b,2300.0,2680.0,24.0,Radeon RX 7900 XTX,345.0,White,,9
527224dc-7ba1-4203-9616-8c53c2e3287c,2235.0,,24.0,GeForce RTX 4090,238.0,Black,,8
8e223358-2302-41cc-9b49-d864b66278fb,2250.0,,6.0,Arc A380,190.0,Black,,39
040a2530-1699-4aa9-b4b2-3950e206fd6d,2310.0,,8.0,GeForce RTX 4060 Ti,247.0,Black,,13
ad6409ce-ada7-4c73-b2cc-b88d101d026a,1830.0,,8.0,GeForce RTX 4060,272.0,Black,,15
c3618c87-1bd8-4262-a3f3-1a674d2b44ee,1830.0,2460.0,8.0,GeForce RTX 4060,163.0,Black,,15
80abff77-cf3f-416f-a621-7127b6168046,2150.0,2623.0,12.0,Radeon RX 6750 XT,281.0,Black / Gray,,20
b511a2b7-ebc9-430b-b4cc-5a5a814add84,2205.0,2520.0,16.0,GeForce RTX 4080,356.0,Black,,17
bec75816-04aa-46a8-9c3c-304254254020,902.0,927.0,2.0,GeForce GT 730,148.0,Blue,49.0,40
c13e883c-c4df-4e45-a773-095095135192,1968.0,,8.0,Radeon RX 6600 XT,305.0,Black,160.0,35
8ab60090-eb6d-4d0d-9936-c50caf86ad56,2235.0,2640.0,24.0,GeForce RTX 4090,293.0,Black / Silver,,8
563d64cc-80b0-4192-aae7-e5f6c43a90d7,2457.0,2622.0,12.0,Radeon RX 6700 XT,305.0,Silver / Black,230.0,3
95af38bb-ebf1-47d9-a8a8-c13b3c30b1a5,1550.0,,8.0,GeForce RTX 3050 8GB,235.0,Black,,34
906e4ee0-058e-486f-b050-4a5acf6e94f1,1830.0,2490.0,8.0,GeForce RTX 4060,221.0,White,,15
89b805ee-afab-46c7-8673-7a36b123e851,2205.0,2505.0,16.0,GeForce RTX 4080,332.0,Black,,17
e458b393-f075-4408-9d79-1347fbf955c3,2205.0,2610.0,16.0,GeForce RTX 4080,337.0,White,,17
615c8a00-103b-4b04-be3c-e11b2a65479c,1440.0,1935.0,10.0,GeForce RTX 3080 10GB LHR,318.0,Black,,41
3cbeaacb-85d5-4fe2-8440-02457711487b,1500.0,1800.0,8.0,GeForce RTX 3070 LHR,267.0,Black,,27
8c5a0543-6de2-4cc9-ad51-5337c4624799,1550.0,1852.0,8.0,GeForce RTX 3050 8GB,200.0,Black,,34
e1025a6d-9990-46ef-a675-e75f00b999c0,1341.0,1455.0,4.0,GeForce GTX 1050 Ti,215.0,Black / White,75.0,42
fd002624-1193-4de7-9060-8adc610d0e00,1560.0,1860.0,24.0,GeForce RTX 3090 Ti,313.0,Silver / Black,450.0,43
475847ff-dc70-4cfa-9cdb-25e6b27ea55e,1320.0,1837.0,12.0,GeForce RTX 3060 12GB,276.0,Black / Silver,,1
cab2705f-3404-4dca-bea8-3c71a94d5198,2310.0,2825.0,4.0,Radeon RX 6500 XT,250.0,Black,,44
74da75d7-5c79-4137-9ee4-2d3ae135c609,1700.0,2599.0,12.0,Radeon RX 7700 XT,302.0,Black,,45
26a72f8f-0953-4a77-b866-95460f02d8e5,2000.0,2400.0,20.0,Radeon RX 7900 XT,276.0,Black,,16
67e3709a-80d0-4d77-acbe-f106bdf7c670,2300.0,2525.0,24.0,Radeon RX 7900 XTX,331.0,Black,,9
15547344-1e77-465f-8e55-b1665a523b14,2055.0,2635.0,8.0,Radeon RX 6650 XT,240.0,Red / Black,,14
d47554a9-fa77-4d78-ab0b-4dabe8f42615,1455.0,1860.0,48.0,RTX A6000,267.0,Black / Gold,300.0,46
ea95cd4e-2818-45cc-b8ca-b8dc73d58189,2310.0,2760.0,12.0,GeForce RTX 4070 Ti,300.0,Black / Gold,,4
1de1f107-e108-4ca2-8a75-5758fcbcce82,1626.0,2491.0,8.0,Radeon RX 6600,235.0,Black / Silver,,7
98953a9b-10ac-46f8-a218-df0a8af90c12,1410.0,1620.0,4.0,GeForce GTX 1650 G6,178.0,Black / Silver,,28
63b8463a-a2ce-4e72-8c2f-68865eb2feb6,2235.0,2580.0,24.0,GeForce RTX 4090,356.0,Black / Silver,,8
0b30e36b-c771-4f6a-92f4-2943d3db3268,2321.0,,12.0,Radeon RX 6700 XT,282.0,Black,230.0,3
dda53707-bd83-4d62-a9ad-eac3d3f0e16a,2205.0,2625.0,16.0,GeForce RTX 4080,300.0,Black / Gold,,17
608c84ff-34ce-412e-94fc-c30b30e2fc90,2205.0,2625.0,16.0,GeForce RTX 4080,348.0,Black,,17
c3be0cce-eea4-4015-8e3a-1421e90013c8,2310.0,2595.0,16.0,GeForce RTX 4060 Ti,281.0,White / Silver,,13
6aa11a61-54b2-424f-8ef0-5387aecc3988,1365.0,1785.0,6.0,GeForce RTX 2060,242.0,Black,160.0,24
97a66204-e1a3-467c-a159-26f6f89ed1c9,1320.0,1807.0,8.0,GeForce RTX 3060 8GB,235.0,Black,,33
950accb2-3cc3-4397-bf4e-c13efcbe6074,2310.0,2595.0,8.0,GeForce RTX 4060 Ti,227.0,White,,13
56ee6ed6-5149-4d1a-937e-3dfc8d62df7f,1575.0,1830.0,8.0,GeForce RTX 3070 Ti,320.0,Black / Silver,290.0,21
aebfc604-e1d8-4b03-b2c4-8c81a8f2c9c4,2310.0,2610.0,12.0,GeForce RTX 4070 Ti,305.0,Black,,4
22a98f81-6b18-4379-96a8-87e482f51eba,2310.0,,8.0,GeForce RTX 4060 Ti,199.0,Black,,13
f17ed6ea-0e30-4688-9978-8aec6766028a,1575.0,1860.0,8.0,GeForce RTX 3070 Ti,300.0,Black,290.0,21
c50684bc-bd68-4d7c-9ac8-7b8c8310c4b8,1410.0,1755.0,8.0,GeForce RTX 3060 Ti,286.0,Black / Silver,200.0,11
ccc347a8-9bd3-4f46-b932-f6f4a7e9252a,1530.0,1830.0,6.0,GeForce GTX 1660 SUPER,247.0,Black,125.0,22
cd05b86e-bae0-4fa4-aadd-06a8e2eac759,2055.0,2694.0,8.0,Radeon RX 6650 XT,278.0,Silver / Black,,14
d8ae6dea-9f81-4ecd-afeb-8634a917acec,1605.0,1770.0,8.0,GeForce RTX 2070 SUPER,267.0,Silver,215.0,47
f7738707-876b-4f0e-8c4b-26281f3e1cd7,1320.0,1882.0,12.0,GeForce RTX 3060 12GB,202.0,Black,,1
263cd902-1cff-48d3-a64e-314bb0988ca8,1395.0,1890.0,24.0,GeForce RTX 3090,318.0,Black,350.0,31
de9a7c14-cd97-4ff0-987b-b489b99adf0d,2235.0,2550.0,24.0,GeForce RTX 4090,358.0,White,,8
bd202e45-268b-4c1f-b650-8ea151a634cc,1720.0,2725.0,8.0,Radeon RX 7600,303.0,White,,26
cdada39e-c03e-4876-9e9c-4e3a23d27bed,1410.0,1695.0,8.0,GeForce RTX 3060 Ti LHR,316.0,Black / Gray,,30
b9b4cc17-bdcc-4408-9f7a-5a5c0844b189,2000.0,2400.0,20.0,Radeon RX 7900 XT,276.0,Black,,16
ded618e6-fb97-4201-bd86-7d7ac5ed393b,2310.0,2790.0,12.0,GeForce RTX 4070 Ti,338.0,Black / Silver,,4
eb4973ed-4e51-4cb3-9d6b-7dc929f4dba2,1470.0,1665.0,8.0,GeForce RTX 2060 SUPER,232.0,Silver / Black,175.0,48
4ec41c5b-e145-4589-a6a2-e27af93c9771,1720.0,2655.0,8.0,Radeon RX 7600,212.0,Black,,26
cc67356a-38b0-48d6-92a5-12e52637ffb2,2000.0,,20.0,Radeon RX 7900 XT,353.0,Black,,16
321af97e-6121-415a-a762-d167eef4e240,1875.0,2755.0,8.0,Radeon RX 7600,272.0,Black,,26
04b8c52e-4f45-4e30-b31f-8c957fd3437e,1830.0,2460.0,8.0,GeForce RTX 4060,210.0,Black,,15
ea2f3ea6-886b-4bc0-abc4-39cfd852f7cc,1575.0,1815.0,8.0,GeForce RTX 3070 Ti,300.0,Black / Silver,290.0,21
7f338627-1f7c-4817-bf2b-64236906366b,1830.0,2475.0,8.0,GeForce RTX 4060,222.0,Black,,15
8dea84ab-79fc-40c3-b89c-b7eb0b81e2d3,1690.0,1945.0,8.0,Radeon RX 5700 XT,287.0,Black / Red,225.0,49
b413a76f-1572-4914-8f3c-abf9c48a6472,2235.0,2550.0,24.0,GeForce RTX 4090,358.0,Black,,8
a89fb914-3175-4fc3-8439-4d5360d7b8e0,2235.0,,24.0,GeForce RTX 4090,358.0,Black,,8
b80e54e2-6a75-4a91-9988-feaeae01bf0a,2310.0,2640.0,12.0,GeForce RTX 4070 Ti,300.0,White / Silver,,4
e1e8e42d-4028-45c2-a48e-289c2625f4b6,1830.0,2610.0,8.0,GeForce RTX 4060,247.0,Black,,15
97e05b26-fb4d-4848-9c0d-fc9013539682,1500.0,1845.0,8.0,GeForce RTX 3070,300.0,Black,220.0,25
ec994c7d-6da4-4926-865c-d01a18b02b3d,2300.0,2680.0,24.0,Radeon RX 7900 XTX,345.0,Black,,9
d916a738-0912-48db-971d-919aed99c742,2055.0,2669.0,8.0,Radeon RX 6650 XT,303.0,White,,14
816ca233-acb7-4fa6-9859-4e3c452a1f88,2310.0,2625.0,16.0,GeForce RTX 4060 Ti,308.0,Silver / Black,,13
cce40c96-b29e-4b4f-808b-ab6ceb60ee76,1925.0,2340.0,16.0,Radeon RX 6900 XT,330.0,Black / Silver,300.0,36
0725c515-93a1-4c15-89fc-90b1804e3a97,2230.0,2520.0,24.0,GeForce RTX 4090,332.0,Black,,8
3dc4f7bf-dd6c-4471-a5d0-68222d8a5970,2100.0,,16.0,Arc A770,305.0,Black,,38
2545ceab-3cd8-4f76-ae38-2f9388b0a6b0,1830.0,,8.0,GeForce RTX 4060,281.0,Black,,15
084cf920-7b33-4339-8666-329e74cec204,1410.0,1665.0,8.0,GeForce RTX 3060 Ti LHR,247.0,Black,,30
d4a63e11-c22a-4c11-889b-91b8a23c2046,1500.0,1755.0,8.0,GeForce RTX 3070 LHR,232.0,Black,,27
d7d9518f-29df-4290-9f82-515ebd3c241d,1295.0,,16.0,Radeon RX 7800 XT,320.0,Black,,50
46b20836-936d-4cef-ae4e-c94257b80c16,1365.0,1695.0,12.0,GeForce RTX 3080 Ti,300.0,Black,350.0,37
cc670d75-c09c-46a6-9850-c52718d7050c,2310.0,2535.0,8.0,GeForce RTX 4060 Ti,226.0,Black,,13
1dcd2178-05bc-44b8-9985-ef4ffe6131f9,1320.0,1777.0,12.0,GeForce RTX 3060 12GB,247.0,Black,,1
2207e6b5-c7ff-412b-a4ea-3e7658a5f6e1,2235.0,2595.0,24.0,GeForce RTX 4090,326.0,Black,,8
050b6a54-5217-4a21-94d1-a50be9d25795,1485.0,1590.0,4.0,GeForce GTX 1650 G6,170.0,Black,,28
98f8f126-d0dc-44a3-94b2-0e88153d08bd,2310.0,2625.0,12.0,GeForce RTX 4070 Ti,301.0,Black,,4
cb322a00-6200-4964-8eee-159b5ee5aa2d,2205.0,2640.0,16.0,GeForce RTX 4080,336.0,Black,,17
1d1d85f4-e2e0-4729-8d81-45c79d33cde9,1530.0,1830.0,6.0,GeForce GTX 1660 SUPER,226.0,Black / Silver,125.0,22
00226ff4-b2de-4583-8f1c-795a19226410,1665.0,1755.0,8.0,GeForce RTX 3060 Ti,281.0,Silver / White,200.0,11
aec57492-8454-416b-a564-80dacc80ff6b,1500.0,1770.0,8.0,GeForce RTX 3070,285.0,Black / Silver,220.0,25
d212ce5c-34dc-40fe-a765-853e1261fc61,2235.0,2520.0,24.0,GeForce RTX 4090,356.0,Black / Silver,,8
49869cbb-6470-42f3-8b6a-6f692ff7206f,1825.0,,16.0,Radeon RX 6800 XT,313.0,Black / Red,300.0,6
0a6f85f4-2d35-48bc-b32b-9aa646910e8d,2055.0,2635.0,8.0,Radeon RX 6650 XT,200.0,Black,,14
b3e833b0-2add-40a5-b394-84bb96686798,2310.0,2625.0,12.0,GeForce RTX 4070 Ti,308.0,Silver / Black,,4
f55a2797-2a11-4b8a-a974-7dc4e653e79b,2310.0,2685.0,16.0,GeForce RTX 4060 Ti,300.0,Black / Gold,,13
92faf688-c677-4644-91f1-6500fd43f6d0,1920.0,2490.0,12.0,GeForce RTX 4070,226.0,Black / Gray,,2
3cad1224-7ff8-4fed-9b0e-65ab92c1887f,2310.0,2610.0,12.0,GeForce RTX 4070 Ti,307.0,Black,,4
734980be-0aab-4449-a52a-6ae91858e4ef,1626.0,2491.0,8.0,Radeon RX 6600,243.0,Black / Silver,,7
1761204d-7dbb-4b80-bf32-cc415c6e11b8,1830.0,2700.0,8.0,GeForce RTX 4060,311.0,Black,,15
72f52ea9-832d-469f-9ce7-31a0ef159926,2200.0,,8.0,Arc A750,271.0,Black,,23
a0894b20-0860-43e3-bf3e-cfdcbe71b6bd,2000.0,2535.0,20.0,Radeon RX 7900 XT,331.0,Black,,16
59ab8e0d-bfff-495a-85f4-9b9666425533,1266.0,1506.0,2.0,GeForce GT 1030,173.0,Black / Blue,30.0,51
3acef9e4-3880-42ca-bc10-fc51372525f3,2205.0,2625.0,16.0,GeForce RTX 4080,310.0,Brown / Beige,,17
69ef98b7-ea2c-42e0-ae2c-86ba5365bf8d,1500.0,1830.0,8.0,GeForce RTX 3070,323.0,Black / Silver,220.0,25
2b568418-f933-465b-8bb9-a6ab72ff4ee3,2310.0,2825.0,4.0,Radeon RX 6500 XT,172.0,Black / Silver,,44
b1172376-d15a-4c10-8c8e-74204f6a729f,1320.0,1792.0,12.0,GeForce RTX 3060 12GB,172.0,Black / Silver,,1
4547e13b-5f32-4e0b-a84c-41ec17bff7ed,2310.0,2670.0,12.0,GeForce RTX 4070 Ti,332.0,Black,,4
cf688a62-7694-449a-b2a9-067c5fde2a43,2310.0,,4.0,Radeon RX 6500 XT,165.0,Black,,44
3c8afe65-6dec-47af-9b06-51e69415f54d,2235.0,2610.0,24.0,GeForce RTX 4090,280.0,Black / Silver,,8
02efbfcc-43f9-4cd3-be26-4a1dd974cb4b,1410.0,1695.0,8.0,GeForce RTX 3060 Ti,232.0,Black,200.0,11
af20d508-1f47-4207-8252-4ce072550964,1440.0,,10.0,GeForce RTX 3080 10GB,305.0,Black,,29
49e2656b-6b03-4a11-b6cd-1c5016e7aff6,2321.0,,12.0,Radeon RX 6700 XT,247.0,Black / Silver,230.0,3
c27acb81-d1c3-43e8-bbd3-9d036c2d8178,1320.0,1777.0,12.0,GeForce RTX 3060 12GB,224.0,Black,,1
04d52e30-fed8-472b-9b33-f0a04bbc4aa9,2310.0,2595.0,16.0,GeForce RTX 4060 Ti,226.0,Black,,13
4ef79593-e602-41d6-a182-afe8408fe3d8,2593.0,2713.0,12.0,Radeon RX 6750 XT,320.0,Black,,20
9e24d5fb-6526-4825-ac30-b40611b29437,1365.0,1710.0,6.0,GeForce RTX 2060,231.0,Gray / Black,160.0,24
21cd18ff-c9de-4b79-9ba9-1e38db490a9a,1290.0,1392.0,4.0,GeForce GTX 1050 Ti,192.0,Black / White,75.0,42
90fc5e08-d95a-4f3a-a0c0-7ef1e884e855,1530.0,1785.0,6.0,GeForce GTX 1660,216.0,Black,120.0,52
b54ff945-be5d-4ef4-b8a7-eaf2d170a594,2188.0,2607.0,8.0,Radeon RX 6600 XT,274.0,Black,160.0,35
11085576-b5bc-4823-ada8-ab6386cbc19f,1530.0,1800.0,4.0,GeForce GTX 1650 SUPER,206.0,Black,100.0,53
c043b210-661a-49fe-83a8-d8a9579934ce,1550.0,1807.0,8.0,GeForce RTX 3050 8GB,177.0,Black,,34
79c48526-4b68-49c8-a11a-1402f8b1905d,1550.0,1807.0,8.0,GeForce RTX 3050 8GB,224.0,Black / Silver,,34
b8fc7610-4a29-45cc-ac43-9b499eedeb67,1365.0,1770.0,12.0,GeForce RTX 3080 Ti,324.0,Black / Silver,350.0,37
5a5a716d-4828-4272-b2d4-902831e55ed0,2475.0,2505.0,12.0,GeForce RTX 4070,301.0,Black,,2
8920fbf4-7380-4d96-9378-7d7bd65ef6bd,1920.0,2475.0,12.0,GeForce RTX 4070,250.0,Black / Silver,,2
fe1897a9-c57f-49b6-a160-b94a2f70b7a0,1632.0,1860.0,8.0,GeForce GTX 1070,298.0,Black,150.0,54
5458c216-d899-48af-b8c0-5aa32fb8c256,2235.0,2520.0,24.0,GeForce RTX 4090,331.0,Black,,8
15e935fb-320a-44de-bd28-061e04e49ce3,2150.0,2623.0,12.0,Radeon RX 6750 XT,323.0,Silver / Black,,20
92d47eb4-5b7d-439e-8a79-097ff4a502b6,1350.0,1665.0,11.0,GeForce RTX 2080 Ti,305.0,Black,250.0,55
4ea23068-8120-4ce0-82e6-ea22b7373147,2310.0,2535.0,8.0,GeForce RTX 4060 Ti,245.0,Black,,13
f6c68af1-fa30-484f-b2fc-5f6e5d9b193e,1235.0,1620.0,6.0,Radeon RX 5600 XT,240.0,Black / Silver,150.0,56
8df1a0f7-40de-4846-a21d-7dcaa7089db6,2310.0,,8.0,GeForce RTX 4060 Ti,338.0,Black,,13
9797cc45-c32f-4488-84e5-b4da73c28cd7,2205.0,2505.0,16.0,GeForce RTX 4080,356.0,Black,,17
758a998d-e2a6-4f7b-9fba-83320f44a842,1923.0,,4.0,Radeon RX 6400,172.0,Black / Gray,,57
27cfedf6-e83e-4d82-b4a8-4e02924a7431,1890.0,2435.0,16.0,Radeon RX 6950 XT,320.0,Black,,5
77f99741-7400-40eb-b9fa-0b2ae35261b6,1320.0,1807.0,12.0,GeForce RTX 3060 12GB,177.0,Black,,1
b129f945-0a0a-44fc-90eb-984b7cfeac90,2000.0,2560.0,20.0,Radeon RX 7900 XT,320.0,Silver / Black,,16
0b5b574f-3037-41c3-b528-6f30d8e5577c,2205.0,2565.0,16.0,GeForce RTX 4080,356.0,Black,,17
bcbe0ec6-9d04-404c-921a-c09fcbb3e13a,954.0,,1.0,GeForce GT 710,146.0,Black,25.0,58
69827e8f-e7db-422a-85f0-caf1a3248730,2310.0,,8.0,GeForce RTX 4060 Ti,281.0,Black,,13
e5c1251c-1ee3-4d3d-9649-be49aee25f05,2310.0,2625.0,16.0,GeForce RTX 4060 Ti,227.0,Black,,13
594e4b75-86c4-4c5b-a230-fba9c70ef37f,1530.0,1830.0,6.0,GeForce GTX 1660 SUPER,202.0,Black,125.0,22
2d5a41a8-5119-4169-9780-2ccc22b22a93,1500.0,1815.0,8.0,GeForce RTX 3070,286.0,Silver,220.0,25
71e1ce9b-b3d6-4d7e-a89d-6c8ea156da0c,2330.0,2615.0,12.0,Radeon RX 6700 XT,269.0,Black,230.0,3
6002445b-9b47-44b3-b94d-ae43bb88fe69,1920.0,2595.0,12.0,GeForce RTX 4070,342.0,Black,,2
79d0665e-c2ad-4a6e-b45d-e0c23ee1e194,2310.0,2655.0,8.0,GeForce RTX 4060 Ti,300.0,Black,,13
f564592a-f1cc-4b1b-8714-90618aa67685,1575.0,1830.0,8.0,GeForce RTX 3070 Ti,323.0,Black / Silver,290.0,21
5bcf7d13-f38e-464f-ab67-226d332108f1,2475.0,2505.0,12.0,GeForce RTX 4070,301.0,Black,,2
07db52f7-71a1-4a5b-92da-4a4967777dde,1365.0,1755.0,6.0,GeForce RTX 2060,202.0,Black,160.0,24
7c39202b-2afb-4dba-b198-776ac04cbd96,2055.0,2694.0,8.0,Radeon RX 6650 XT,282.0,Black / Gray,,14
7be015b7-1b2b-4e22-9672-c0c99fda6c6e,1410.0,1695.0,8.0,GeForce RTX 3060 Ti LHR,235.0,Black / Gray,,30
f314ebd6-9a62-4281-bc80-e4daff576da3,1530.0,1740.0,4.0,GeForce GTX 1650 SUPER,180.0,Black / Silver,100.0,53
2eb3dba3-82eb-4b37-8c4e-556cb632b77a,1440.0,1740.0,10.0,GeForce RTX 3080 10GB LHR,305.0,Black,,41
18d5ab64-d7b0-4cbc-adf8-e577cd43af66,2235.0,2595.0,24.0,GeForce RTX 4090,352.0,Black,,8
893c1d61-3b7a-427b-8bb1-c43349cffb0a,2235.0,2520.0,24.0,GeForce RTX 4090,331.0,Black,,8
6ee0a376-2e7c-4d6f-b31f-691e3d43a247,2055.0,2694.0,8.0,Radeon RX 6650 XT,274.0,Silver / Black,,14
fce8d5d2-ffe4-42be-860c-25ce370b060a,2205.0,2550.0,16.0,GeForce RTX 4080,332.0,Black,,17
aed160a9-4602-4f5e-a689-42f89669c76d,2205.0,2550.0,16.0,GeForce RTX 4080,357.0,Black,,17
f6087f4e-23ed-4e41-9155-519bf6c09c85,1365.0,1845.0,12.0,GeForce RTX 3080 Ti,318.0,Black / Silver,350.0,37
677d18fb-845a-4e23-9a42-8969325f48bb,1260.0,1800.0,12.0,GeForce RTX 3080 12GB LHR,300.0,Black,,59
f0d3c67b-31bf-4540-83bf-5886eee62170,1560.0,1920.0,24.0,GeForce RTX 3090 Ti,300.0,Black,450.0,43
53db8370-37b9-44b6-887b-6e240db42d8b,2205.0,2505.0,16.0,GeForce RTX 4080,342.0,Black,,17
c5c1efa0-1761-44eb-9277-1206a9e82784,1605.0,1785.0,8.0,GeForce RTX 2070 SUPER,280.0,Black,215.0,47
c7066271-e558-4298-9d52-44a0c7694c1d,1320.0,1837.0,12.0,GeForce RTX 3060 12GB,280.0,Silver / White,,1
8f4af836-60af-457a-b0bc-617c99880f34,1100.0,1206.0,4.0,Radeon RX 550 - 512,158.0,Black / Red,,60
1d6abed2-ece5-4bd4-bc96-dcfe31a2db80,1320.0,1807.0,12.0,GeForce RTX 3060 12GB,242.0,Black,,1
94278d23-1af4-457f-a6f2-80e88cfd035a,1920.0,2475.0,12.0,GeForce RTX 4070,305.0,Black,,2
350aeefd-04f7-4184-a7dd-8b437cb340d3,1290.0,1392.0,4.0,GeForce GTX 1050 Ti,166.0,Black,75.0,42
527375bb-f17d-4471-b7b7-76e33cec6a9b,1500.0,1815.0,8.0,GeForce RTX 3070,300.0,Black / Silver,220.0,25
7fceb90b-6bca-4a66-b4b8-5849e8560496,2321.0,2622.0,12.0,Radeon RX 6700 XT,295.0,Black / Silver,230.0,3
7a622553-fc21-4063-a510-77fd72923335,2321.0,2622.0,12.0,Radeon RX 6700 XT,320.0,Black,230.0,3
f549e37e-1dac-41ae-b6d1-7cc7178e657d,1700.0,2544.0,12.0,Radeon RX 7700 XT,280.0,Black / Red,,45
1720ce2d-84cb-46cd-a878-b8db39ed1480,2310.0,2640.0,12.0,GeForce RTX 4070 Ti,300.0,Black,,4
6a486371-86db-4636-8360-da26d7f6aada,1700.0,2599.0,12.0,Radeon RX 7700 XT,335.0,Black,,45
fa0e044f-f737-421b-8f74-6716139f7414,1575.0,1875.0,8.0,GeForce RTX 3070 Ti,324.0,Black,290.0,21
f39e26ba-0f35-49eb-a1eb-d1f3ca727ec6,1575.0,,8.0,GeForce RTX 3070 Ti,318.0,Black / Silver,290.0,21
862180a7-9aef-4bcd-af74-4334e08b81fc,1410.0,1845.0,8.0,GeForce RTX 3060 Ti,323.0,Black,200.0,11
af923c8e-8240-4fe1-a38d-ee121dc5ce88,2205.0,2505.0,16.0,GeForce RTX 4080,332.0,Black,,17
5428ada6-ba5d-491a-9d0c-5fe902510eec,2310.0,2640.0,12.0,GeForce RTX 4070 Ti,336.0,Black,,4
58475aab-408f-4c4c-89f1-bb2e0698957f,1500.0,1800.0,6.0,GeForce GTX 1660 Ti,226.0,Black / Gray,120.0,61
793e871b-2576-48c0-8078-c90c933bc344,2055.0,2635.0,8.0,Radeon RX 6650 XT,241.0,Black,,14
d55ac778-1732-4647-8ece-a67aba47fa98,1530.0,1785.0,6.0,GeForce GTX 1660 SUPER,173.0,Black,125.0,22
93f537fb-4e5c-47dc-a2a2-1c8764ad58b0,1650.0,1815.0,8.0,GeForce RTX 2080 SUPER,270.0,Black,250.0,62
7ab84593-5a91-4b84-85dc-102de9dd47d4,1560.0,1920.0,24.0,GeForce RTX 3090 Ti,325.0,Black,450.0,43
71ce12cc-32d0-4ed9-a471-d73a3715eb1e,2200.0,,8.0,Arc A770,305.0,Black,,38
bb3e1353-8c2a-4320-9169-f06c3af91dbd,1151.0,1417.0,2.0,GeForce GT 1030 DDR4,150.0,Black,,63
91758554-9191-4f43-b6d8-4fc719bfc349,2150.0,2618.0,12.0,Radeon RX 6750 XT,280.0,Red / Black,,20
b9143760-8b56-4eb7-82e5-9b6a334759db,1670.0,1925.0,8.0,Radeon RX 5700 XT,254.0,Black / Red,225.0,49
8b762e77-9377-4a98-9290-e5de7f36a856,1320.0,1867.0,12.0,GeForce RTX 3060 12GB,200.0,White,,1
20c62aca-8927-42c2-abd9-6d14f2f5e3c0,1665.0,1680.0,8.0,GeForce RTX 3060 Ti LHR,198.0,Black / Silver,,30
97d39fd8-dc83-4bc2-9553-15aa6d5941d4,1350.0,1635.0,11.0,GeForce RTX 2080 Ti,267.0,,250.0,55
5d88fda9-6751-48f5-81d9-6d64634fdd54,1395.0,1890.0,24.0,GeForce RTX 3090,318.0,White / Black,350.0,31
385f8b93-64da-4106-9d77-7571555be108,1440.0,,10.0,GeForce RTX 3080 10GB,323.0,Black,,29
9d61fbd1-a9bc-4ad5-bc81-0dab56fda393,1500.0,,8.0,GeForce RTX 3070,267.0,Black,220.0,25
21a77dde-92a9-4064-b25c-e692a03668a5,2235.0,2550.0,24.0,GeForce RTX 4090,348.0,Black,,8
e5a743e9-12ec-45f2-802e-05ac0986c195,1825.0,,16.0,Radeon RX 6800 XT,330.0,Black,300.0,6
be8a98b7-1edb-446d-bf7e-270484440698,1257.0,1366.0,8.0,Radeon RX 580,269.0,Black / White,185.0,12
a0a063ee-5ea6-4ad3-a1df-9fba654f8bda,1417.0,1556.0,2.0,GeForce GTX 1050,219.0,Black / Orange,75.0,64
d9b8827a-e8fa-4293-b66d-c66019fed52e,2310.0,,8.0,GeForce RTX 4060 Ti,272.0,Black,,13
aea1729a-c183-4658-b94b-e58725b29c4d,1815.0,2155.0,16.0,Radeon RX 6800,286.0,Silver / Black,250.0,18
fa567aac-43fe-4538-9a0a-5f1587097373,2310.0,2685.0,16.0,GeForce RTX 4060 Ti,307.0,Black,,13
4f729fa2-0899-4301-b811-88ec9e55590a,2000.0,2400.0,20.0,Radeon RX 7900 XT,276.0,Black,,16
2f277bf4-e560-4b95-9cb1-a6778f8c0935,1920.0,2550.0,12.0,GeForce RTX 4070,269.0,Black,,2
58a2ef7e-480c-4717-9314-d46b52db4860,2310.0,2820.0,4.0,Radeon RX 6500 XT,201.0,Black,,44
77095847-b79e-497b-a588-98643573e018,1575.0,1815.0,8.0,GeForce RTX 3070 Ti,285.0,Black,290.0,21
5cd8f7cd-e1f6-4753-a8a8-c2ba3cad9018,1920.0,2475.0,12.0,GeForce RTX 4070,269.0,Black,,2
87e4d9d6-5540-4174-9882-3153a14b2e84,2310.0,,4.0,Radeon RX 6500 XT,191.0,Black,,44
edce5079-b5fd-4479-8f8d-25ecb471dc2c,1395.0,1770.0,48.0,Quadro RTX 8000,267.0,Black / White,260.0,65
bb2f3c9d-df55-4fb3-8575-cdc5c1827734,1968.0,2607.0,8.0,Radeon RX 6600 XT,251.0,Black,160.0,35
6a52e20a-c9cb-4b0e-a15e-7f1c25ee0bb2,1575.0,1800.0,8.0,GeForce RTX 3070 Ti,318.0,Black,290.0,21
cd108003-0241-4693-8a16-f8597ee9a7de,1395.0,,24.0,GeForce RTX 3090,300.0,Black,350.0,31
5534277a-9464-4a04-9bfc-58e96dba95ef,2375.0,2620.0,12.0,Radeon RX 6700 XT,303.0,Black,230.0,3
a88c36b7-af82-40ca-ad38-c295bbeae55d,1670.0,1835.0,8.0,GeForce GTX 1080,298.0,Black,180.0,66
c3b6afbd-80df-459e-abf0-5a9ac20cdc28,2310.0,2655.0,12.0,GeForce RTX 4070 Ti,342.0,Black,,4
449a1626-1888-4bbb-b8e0-13e2d85fa7d9,2310.0,2815.0,4.0,Radeon RX 6500 XT,192.0,Black,,44
d3f27aef-194d-45ea-8840-9cc6e1e5a60c,2310.0,2745.0,16.0,GeForce RTX 4060 Ti,311.0,Black / Red,,13
f731796b-d1ef-4cec-b40b-103cf541dd20,1740.0,,4.0,GeForce GTX 1630,178.0,Silver / Black,,67
d2ca4069-5f2f-4b8b-ab2b-470dd545d1c5,1855.0,2495.0,48.0,Radeon PRO W7900,280.0,Black,,68
34e5fe16-fe10-47c4-a98c-1aee31be487f,1395.0,,24.0,GeForce RTX 3090,305.0,Black,350.0,31
853703ad-372d-4da7-b0a6-3606abfec130,1395.0,1710.0,24.0,GeForce RTX 3090,318.0,Black,350.0,31
3fceac77-4607-4a98-a039-5282a2350464,1500.0,1830.0,6.0,GeForce GTX 1660 Ti,204.0,,120.0,61
ccad1f6b-ec4d-4890-bafa-4e4519f52c6a,1500.0,1755.0,8.0,GeForce RTX 3070,232.0,Black,220.0,25
ab205441-3d4a-4f54-b353-550d0a0453fb,1500.0,1875.0,6.0,GeForce GTX 1660 Ti,247.0,Black,120.0,61
929669a1-fdeb-4515-90ba-75a32c0fb6be,2050.0,2200.0,8.0,Arc A750,222.0,Blue / Black,,23
5d46cf31-b7ba-47fd-990e-4b3ea945384f,954.0,954.0,2.0,GeForce GT 710,146.0,Black,25.0,58
cc16da2a-1d6e-477a-81f4-375d9394df59,1440.0,1830.0,10.0,GeForce RTX 3080 10GB LHR,323.0,Black,,41
2ee93d03-ddbf-4820-98a9-e3f1ffcee7f7,2235.0,2520.0,24.0,GeForce RTX 4090,329.0,Silver / Black,,8
7c2f3a99-ea99-4d94-a33c-de6af87f0027,2310.0,2670.0,12.0,GeForce RTX 4070 Ti,342.0,Black,,4
23e59b0a-358d-419a-a211-2d3597f61c9e,2055.0,2689.0,8.0,Radeon RX 6650 XT,243.0,Black / Silver,,14
313ca0e1-5087-43dd-92bd-30fecd9c2a0b,1550.0,1792.0,8.0,GeForce RTX 3050 8GB,213.0,Black,,34
c87ebe02-f3b1-4aab-a5e3-ff1a3180b80e,1290.0,1544.0,2.0,GeForce GT 1030,168.0,Black / Orange,30.0,51
b681b94a-98d8-4c3c-bdfe-dd4b9f8671d0,2205.0,2535.0,16.0,GeForce RTX 4080,358.0,Black,,17
31bd9bae-9272-46dd-a569-84b2503e4d31,1500.0,1755.0,8.0,GeForce RTX 3070,305.0,Black / Silver,220.0,25
a8976c87-1825-4ff3-8156-b79cb793e6d4,1530.0,1830.0,6.0,GeForce GTX 1660 SUPER,174.0,Black / White,125.0,22
8224782d-cad1-44f3-9959-db4424c20ac1,1607.0,1835.0,6.0,GeForce GTX 1060 6GB,173.0,Black / Gray,,69
1225857e-a951-4304-99db-3c39bf2413f1,1365.0,1695.0,12.0,GeForce RTX 3080 Ti,305.0,Black / Silver,350.0,37
89de74e0-2542-4c6c-a95c-f32dc4ae7fd1,1365.0,1725.0,12.0,GeForce RTX 3080 Ti,300.0,Black,350.0,37
d5773bf0-ac3e-4b65-892b-fa6ee867f7a5,2310.0,2825.0,4.0,Radeon RX 6500 XT,194.0,Black / Red,,44
bd8a18f7-f66d-4e19-b659-8713efd27a93,1410.0,1800.0,8.0,GeForce RTX 3060 Ti LHR,285.0,Black,,30
3be9c2df-8ce5-4e1d-b7da-0670b926a230,1500.0,1845.0,8.0,GeForce RTX 3070,290.0,Black,220.0,25
87b589dd-62d4-4a7c-a5da-be04ae92effd,1720.0,2695.0,8.0,Radeon RX 7600,269.0,Black,,26
e8fc7118-a137-44c5-a421-f1dcc7aff3f7,1485.0,1740.0,4.0,GeForce GTX 1650 G5,170.0,Black / White,,70
4646dde2-79f7-48a8-82c7-674e2c635d49,1410.0,1695.0,8.0,GeForce RTX 3060 Ti,232.0,Black / Silver,200.0,11
e0051909-ff0f-4d88-8580-968961487de2,1320.0,,12.0,GeForce RTX 3060 12GB,245.0,Black,,1
cdac273a-bcf6-47d5-9a3a-9002b325745f,1575.0,1830.0,8.0,GeForce RTX 3070 Ti,320.0,White / Silver,290.0,21
de85b146-50e6-4204-b4ba-6f6eb1205724,1320.0,1777.0,8.0,GeForce RTX 3060 8GB,247.0,Black,,33
439d27ac-00b5-463b-83fd-8d1513901afd,1830.0,2535.0,8.0,GeForce RTX 4060,227.0,White,,15
17c999b0-479b-4062-90fc-55e38ceecbe1,2000.0,2560.0,20.0,Radeon RX 7900 XT,345.0,Black,,16
8b4a1b87-1a89-4046-a8ae-dae5c7a4a502,1825.0,2340.0,16.0,Radeon RX 6900 XT,324.0,Silver / Black,300.0,36
9ac8578d-915f-4f57-901e-47a372bd407b,1320.0,1912.0,12.0,GeForce RTX 3060 12GB,300.0,Black / Silver,,1
fe3760b3-3e82-4ab3-8673-f3fd24cad782,1395.0,,24.0,GeForce RTX 3090,335.0,Black,350.0,31
05aa2785-f9bf-4147-be70-417ea80c6e59,1365.0,1695.0,12.0,GeForce RTX 3080 Ti,318.0,Black / Silver,350.0,37
da23f9d6-61a3-4a40-8ad8-72836538f83b,1830.0,2475.0,8.0,GeForce RTX 4060,182.0,Black,,15
dec76685-2ff5-4ac7-aa29-19e1bc2336cb,1395.0,1755.0,24.0,GeForce RTX 3090,320.0,Black / Gray,350.0,31
b3f4d34a-4e32-4b57-91df-bbd54b372e54,1290.0,1493.0,4.0,GeForce GTX 1050 Ti,229.0,Black / Red,75.0,42
ba086489-8957-4630-abb5-27580918a5c3,2310.0,2815.0,4.0,Radeon RX 6500 XT,179.0,Black,,44
a6f5e9db-e2bf-4a09-b055-1e340c3ee619,1968.0,2607.0,8.0,Radeon RX 6600 XT,277.0,Black / Silver,160.0,35
15531837-7acf-432a-9cab-8ae5f1d48ece,2310.0,2565.0,8.0,GeForce RTX 4060 Ti,226.0,White,,13
89c4b422-6047-4725-b866-d1a9caeb1d52,1923.0,,4.0,Radeon RX 6400,170.0,Black / Red,,57
6735d98a-9b54-42a3-bd4c-9061703dd60b,1700.0,2584.0,12.0,Radeon RX 7700 XT,290.0,Black,,45
c94d8ab1-9d8e-4ddf-b22d-d3a6554cf365,2205.0,2535.0,16.0,GeForce RTX 4080,358.0,White,,17
42d25470-2ada-4849-b64b-e58c6a294a08,1500.0,1770.0,8.0,GeForce RTX 3070 LHR,282.0,Black,,27
3342efa8-4909-4bf6-8546-f44b2d944ac3,1720.0,2755.0,8.0,Radeon RX 7600,305.0,Black,,26
29fa7328-727d-4616-add7-66313f21fc09,1500.0,1755.0,8.0,GeForce RTX 3070,232.0,Black / Silver,220.0,25
4ed2715d-9d64-456c-8574-f05fdf4d6f04,902.0,,2.0,GeForce GT 730,144.0,Black / Green,49.0,40
987634ed-9284-45cf-92e2-cb6eed8cbead,1830.0,,8.0,GeForce RTX 4060,299.0,Black / Silver,,15
cfb96063-bf70-4fea-aa41-597e8f259990,1720.0,2745.0,8.0,Radeon RX 7600,245.0,Black,,26
f6488082-021d-4e95-b5a9-7bf5598c5077,2092.0,2589.0,8.0,Radeon RX 6600 XT,241.0,Black,160.0,35
8a72781d-945e-44bb-9fc5-1a80f93aa0ff,1582.0,1797.0,6.0,GeForce GTX 1060 6GB,223.0,Black / Red,,69
9e8fd8ed-7c8b-4124-8b9a-0465f0acd029,1720.0,2655.0,8.0,Radeon RX 7600,234.0,Black,,26
bab880fc-4429-454c-b92a-b2ee5faa5bdf,1530.0,1785.0,6.0,GeForce GTX 1660,224.0,Black / Gray,120.0,52
1ceb4815-5bf3-487d-bbdd-24ab935efe1e,735.0,1560.0,16.0,RTX A4000,241.0,Black / Gold,140.0,71
dcfd6daf-4a10-41e1-8c96-24be699e0827,2235.0,2610.0,24.0,GeForce RTX 4090,329.0,Silver / Black,,8
5b086be0-73bc-4402-bebd-e33dd16dbc6c,2000.0,2400.0,20.0,Radeon RX 7900 XT,276.0,Black,,16
e023b81f-c30e-40ab-9ec5-6ae9b132ca0a,1506.0,1708.0,3.0,GeForce GTX 1060 3GB,252.0,Black,120.0,72
064c4b48-b586-48fa-8f07-14326884babe,1920.0,2535.0,12.0,GeForce RTX 4070,308.0,Black,,2
a432c167-9421-4bb3-a9d4-02e6cd95304b,1410.0,1890.0,8.0,GeForce RTX 3060 Ti LHR,318.0,Black / Silver,,30
e6d38ab4-8257-4fed-b485-9b5c7dec8db4,1410.0,1770.0,8.0,GeForce RTX 3060 Ti,286.0,Black / Silver,200.0,11
5a8d9c5d-14df-4e90-90ce-202e82a0e13e,1530.0,1860.0,6.0,GeForce GTX 1660 SUPER,242.0,Black,125.0,22
3dfb7484-e31b-4ed9-884e-323a90515f17,1395.0,1875.0,24.0,GeForce RTX 3090,336.0,Silver,350.0,31
8e412a1c-8a23-4352-ac3a-91541a2f69ae,2457.0,2622.0,12.0,Radeon RX 6700 XT,323.0,Black,230.0,3
65768c44-e7ba-4e52-9cf5-2c777668fe38,1350.0,1770.0,24.0,TITAN RTX,267.0,Gold / Black,280.0,73
3f467076-5544-407f-bec7-a07b835670ef,1920.0,2520.0,12.0,GeForce RTX 4070,305.0,Black,,2
9e445c45-3526-43d1-82d6-8c13da077bbe,1850.0,2285.0,16.0,Radeon RX 6800 XT,324.0,Silver / Black,300.0,6
19ce2b44-3be8-417f-817a-86264002b61d,2310.0,2825.0,4.0,Radeon RX 6500 XT,282.0,Black / Gray,,44
ca6081bf-6392-42ac-a068-c8f3e2ccf597,2205.0,2520.0,16.0,GeForce RTX 4080,322.0,Black,,17
db145623-1e87-41aa-a7f4-64944a5842b6,2205.0,2565.0,16.0,GeForce RTX 4080,236.0,Black,,17
0202e7a8-f1e2-4b8c-b74e-2a2b11ac429f,954.0,,2.0,GeForce GT 710,146.0,Black,25.0,58
7051a6ef-df24-4c20-b1a9-8283c2562c0a,1825.0,2340.0,16.0,Radeon RX 6800 XT,320.0,Black,300.0,6
9c67bb86-f687-4d67-900e-167eb2febf17,2321.0,,12.0,Radeon RX 6700 XT,279.0,Black / Silver,230.0,3
cf23e1fe-aca8-4d8b-badd-f1160dd2ca0e,1320.0,,12.0,GeForce RTX 3060 12GB,247.0,Black,,1
d8222ca0-83d8-4b7d-b7d3-7e8fcb4ded1c,1260.0,1725.0,12.0,GeForce RTX 3080 12GB LHR,318.0,Black,,59
b2b4e028-715e-4983-9bfa-3c89089dab51,1560.0,1890.0,24.0,GeForce RTX 3090 Ti,300.0,Black,450.0,43
6137cb2a-74f5-4ddd-8e7c-6e3fa7e973f9,1410.0,1680.0,4.0,GeForce GTX 1650 G6,204.0,Black,,28
862cbbd7-8f4b-4cd8-8837-487071bc7da6,1810.0,2025.0,8.0,Radeon RX 5700 XT,324.0,Black / Gold,225.0,49
59d3e214-f7d6-47b2-9cf3-27788f3708ce,1605.0,1800.0,8.0,GeForce RTX 2070 SUPER,297.0,Black,215.0,47
f3337136-66ff-4047-9b69-dac43403a486,1700.0,2854.0,12.0,Radeon RX 7700 XT,266.0,Black,,45
b88c01bd-71e4-4191-a341-66309136380f,1440.0,1935.0,10.0,GeForce RTX 3080 10GB,318.0,White,,29
3bb7a0f6-4c2f-4cc8-87a2-4ca78f946d10,1556.0,1797.0,3.0,GeForce GTX 1060 3GB,223.0,Black / Orange,120.0,72
09308c01-35e8-4674-98e6-357e25153e02,1168.0,1244.0,4.0,Radeon RX 570,236.0,Black,,74
59807bdf-017b-4661-aaa8-b2d2cc16644c,1410.0,1665.0,4.0,GeForce GTX 1650 G6,178.0,Black,,28
f5b8e733-801f-40c5-9334-2e7c74539aa3,562.0,1200.0,12.0,RTX A2000 12GB,167.0,Black,,75
3e15a467-64a0-488d-8926-73935562ffd1,2310.0,2700.0,12.0,GeForce RTX 4070 Ti,356.0,Black,,4
1e0ab814-f421-4597-b0a1-5b0396f5123c,2205.0,2535.0,16.0,GeForce RTX 4080,328.0,Black,,17
4b627ff3-c1a0-46e8-8d95-c13d1e2b9382,1575.0,1830.0,8.0,GeForce RTX 3070 Ti,317.0,Black / Silver,290.0,21
d494f80b-8ccb-4b1f-b1f8-b06a239702f2,1825.0,2250.0,16.0,Radeon RX 6900 XT,267.0,Black / Silver,300.0,36
8d70782a-5f90-4f0d-8ac6-986723336732,1968.0,2607.0,8.0,Radeon RX 6600 XT,243.0,Black / White,160.0,35
cd0d4b71-9022-426d-b22f-64efebf795f6,1350.0,1755.0,11.0,GeForce RTX 2080 Ti,302.0,Clear / Black,250.0,55
09c03a54-0d72-4a4d-ba9b-c51f57ab4da3,1320.0,1777.0,12.0,GeForce RTX 3060 12GB,240.0,Black,,1
77c90fb7-4c20-4d1d-94d6-61953b3be088,562.0,1200.0,6.0,RTX A2000 6GB,167.0,Black,,76
6775d823-3e06-4668-998c-0bde9b618b6a,954.0,,1.0,GeForce GT 710,147.0,Black,25.0,58
d9395330-21a4-4f26-901c-49ea3f3fcf66,1410.0,1695.0,8.0,GeForce RTX 3060 Ti,222.0,Black,200.0,11
2184befe-7d8d-4eb7-a0dd-7cbbffba8e9e,1530.0,1755.0,4.0,GeForce GTX 1650 SUPER,248.0,Black / Silver,100.0,53
8d937ad6-aea6-4d09-b5da-c8b47b9949cd,1968.0,2589.0,8.0,Radeon RX 6600 XT,200.0,Black,160.0,35
9735179e-ab1b-489e-9133-b60dbb02c3c4,2310.0,,8.0,GeForce RTX 4060 Ti,301.0,Black,,13
d70adfac-cadc-4d2e-bf09-96bb2a03c42f,1550.0,1845.0,8.0,GeForce RTX 3050 8GB,202.0,Black,,34
389869b7-98a8-4d10-94e3-4002f7c50558,1500.0,1845.0,8.0,GeForce RTX 3070 LHR,300.0,Black,,27
16159d4c-5c7a-4d6a-958f-1000cbd66cea,1050.0,1650.0,20.0,RTX A4500,267.0,Black,200.0,77
171749c0-6a3c-4f54-b884-e01768b9ac2a,1968.0,,8.0,Radeon RX 6600 XT,269.0,Black,160.0,35
cda1265b-b7db-42db-acf8-5b3ff6ca4120,1189.0,1430.0,2.0,GeForce GT 1030 DDR4,150.0,Black,,63
33f44b05-ed66-4b65-a97d-1cbcbe087484,2321.0,,12.0,Radeon RX 6700 XT,247.0,Black / Silver,230.0,3
1075a78f-d341-4543-94e7-9d2a59ac0d4b,1278.0,1531.0,2.0,GeForce GT 1030,184.0,Black / Blue,30.0,51
6455eea3-f19b-41a9-8f63-cdafd07a8951,1700.0,2599.0,12.0,Radeon RX 7700 XT,320.0,Black,,45
0e076e83-9b15-402b-bfff-71a62e384292,1485.0,1695.0,4.0,GeForce GTX 1650 G5,167.0,Black,,70
41a75575-f7af-4266-a9c6-c67ec63d7395,1560.0,1950.0,24.0,GeForce RTX 3090 Ti,326.0,Black,450.0,43
9483457c-0097-4485-ad92-20a22d01b3be,1320.0,1867.0,12.0,GeForce RTX 3060 12GB,296.0,Black,,1
04a45d91-b208-4d64-8409-88db46114335,1825.0,2285.0,16.0,Radeon RX 6800 XT,286.0,Black / Silver,300.0,6
1f00fb27-76c5-4f4d-97a5-f633d6cba4d0,1320.0,1807.0,12.0,GeForce RTX 3060 12GB,301.0,Black,,1
a2fbff38-df6e-40d1-8837-b1247349e7c5,1410.0,1620.0,4.0,GeForce GTX 1650 G6,151.0,Black / Gray,,28
2d1b53bd-63b4-4f6d-be7b-ae4b3323d81c,2310.0,2700.0,12.0,GeForce RTX 4070 Ti,252.0,Black,,4
ebddd3c3-0fc1-4938-9990-5eb7bae88011,1657.0,1797.0,8.0,GeForce GTX 1080,279.0,Black / White,180.0,66
91925a42-124f-448a-a975-134993197048,1720.0,2755.0,8.0,Radeon RX 7600,281.0,Black / Silver,,26
7571caf4-e00b-485d-b1de-fc076cf9a4ae,2300.0,2500.0,24.0,Radeon RX 7900 XTX,287.0,Black,,9
b8876d64-8cd4-4e10-b33f-3ed88dcf2a3c,2321.0,2581.0,12.0,Radeon RX 6700 XT,305.0,Black,230.0,3
0c0c740a-a346-4690-bd2d-92e164c9f608,1320.0,,12.0,GeForce RTX 3060 12GB,200.0,Black,,1
04a393ef-ec1c-4f9e-8da4-f070db13559b,1260.0,1740.0,12.0,GeForce RTX 3080 12GB LHR,305.0,Black / Gray,,59
2c18a179-0dc0-49e1-880d-dc7a3fa69fe3,1410.0,1740.0,8.0,GeForce RTX 3060 Ti LHR,269.0,Black / Silver,,30
796a1ac2-b094-4634-9537-7c6217491788,1740.0,,4.0,GeForce GTX 1630,170.0,Black,,67
e8c074b5-b080-4f01-86cc-5cde1ce33195,1365.0,1710.0,12.0,GeForce RTX 3080 Ti,318.0,Black / Silver,350.0,37
3e1867fb-b02f-45c4-bda9-64cb47fa184a,1328.0,1442.0,4.0,GeForce GTX 1050 Ti,203.0,Black / Red,75.0,42
19cab25e-c561-404d-b205-e9378df24375,1280.0,1620.0,6.0,Radeon RX 5600 XT,297.0,Black / Silver,150.0,56
4ca4b8ad-8116-42a5-af79-d07932090c9b,1410.0,1785.0,8.0,GeForce RTX 3060 Ti LHR,301.0,Black,,30
16ec92c3-91d6-418b-bc3d-11b6dd925f0a,650.0,,1.0,Radeon HD 5450,152.0,Red / Silver,19.1,78
d2e09209-2496-4210-b784-0bf5fd692e0a,1320.0,,12.0,GeForce RTX 3060 12GB,170.0,Black,,1
dd696269-f0dd-41d9-9679-c6df5f54797f,1825.0,2340.0,16.0,Radeon RX 6900 XT,320.0,Black,300.0,36
fe79c043-9f00-42bc-8b91-950aa5c03c53,1530.0,1755.0,4.0,GeForce GTX 1650 SUPER,202.0,Black,100.0,53
40be27cf-0acb-4960-a50f-bb69b0893db3,1410.0,1635.0,4.0,GeForce GTX 1650 G6,172.0,Black / Silver,,28
35b8e42c-c6cb-49b2-b45f-8bbecc908d4c,1968.0,2593.0,8.0,Radeon RX 6600 XT,240.0,Black / Red,160.0,35
ff514c4e-e30c-44fb-90a0-9b0c13e2f415,1923.0,,4.0,Radeon RX 6400,162.0,Black / Silver,,57
8d0a55e6-97ea-47d4-9f52-a2385ae857df,932.0,1216.0,4.0,Radeon RX 470,243.0,Black,,79
ef134de6-b559-436f-9277-5b091ac3ccb8,1825.0,2340.0,16.0,Radeon RX 6800 XT,320.0,Black,300.0,6
1d8732cf-f494-4c39-8be8-f06bdbe3cd05,2200.0,2400.0,16.0,Arc A770,267.0,Black,,38
b96bc7c3-b624-4ef3-8a90-ec038d40466f,1500.0,1785.0,8.0,GeForce RTX 3070,291.0,Silver / Black,220.0,25
9dc3da6d-bac2-49d2-9627-454c8f9896f1,2310.0,2565.0,8.0,GeForce RTX 4060 Ti,300.0,Black,,13
443c15c7-0c87-4ae5-94cf-13a00795f2e1,1485.0,1755.0,4.0,GeForce GTX 1650 G5,204.0,Silver / Black,,70
15451e33-d5b2-4cf0-8158-5d099489c7e1,1365.0,1680.0,12.0,GeForce RTX 2060,268.0,Black,160.0,24
59206211-2250-458e-b690-7cc1bf56910a,2310.0,2385.0,12.0,GeForce RTX 4070 Ti,336.0,White,,4
b9b9d952-a347-49d3-972e-1db891454791,1320.0,1852.0,12.0,GeForce RTX 3060 12GB,323.0,Black,,1
9a3b1cb4-774e-45ee-8a40-b20bc39209d6,1168.0,1255.0,4.0,Radeon RX 570,232.0,Black / Orange,,74
c6dcc473-7eb2-4c82-a5df-ccdae8f9ebac,1100.0,1183.0,4.0,Radeon RX 550 - 512,192.0,Black,,60
0410bd82-2e56-4e42-a88d-d59be4fc46c3,1260.0,1815.0,12.0,GeForce RTX 3080 12GB LHR,323.0,Black / Gray,,59
9efbd0dc-3a97-4bf7-b481-e7a2fcdd373d,1530.0,1830.0,6.0,GeForce GTX 1660,202.0,Silver / Black,120.0,52
2d2337ae-d012-4fa0-ab5f-13c299491aba,2321.0,,12.0,Radeon RX 6700 XT,281.0,Black / Silver,230.0,3
0acf293f-1aac-487a-b276-b59f2103ef71,1552.0,1777.0,8.0,GeForce RTX 3050 8GB,247.0,Black / Red,,34
d262b53d-64d3-4805-a3bf-f01d5f09e634,1405.0,1425.0,8.0,Radeon RX 580,270.0,Black / Red,185.0,12
6f6b6531-c2cd-4b9c-ba27-5b2beb0402ce,1500.0,1755.0,8.0,GeForce RTX 3070 LHR,305.0,Black,,27
1ad378fb-0060-484d-b2b0-dcd0fdba75cf,1410.0,1650.0,4.0,GeForce GTX 1650 G6,162.0,Gray,,28
d4e1d153-625d-4640-a5dd-8b49757fefb7,2310.0,2535.0,8.0,GeForce RTX 4060 Ti,250.0,Black,,13
dc578bbb-1a12-4288-ad88-870fca3ca374,2310.0,2550.0,8.0,GeForce RTX 4060 Ti,226.0,Black,,13
daaab2ec-c6e2-4532-b28c-789850ef446c,1700.0,2155.0,16.0,Radeon RX 6800,324.0,Black / Silver,250.0,18
cd16fbd4-dbd6-4bf8-a657-58f323906b98,1410.0,1755.0,8.0,GeForce RTX 3060 Ti LHR,232.0,White,,30
817bec4f-b88f-4e2d-ace2-465083da8d01,1830.0,2475.0,8.0,GeForce RTX 4060,221.0,Black / Silver,,15
03a36479-a8f8-4ee5-86fe-4b22b1da4262,2321.0,,12.0,Radeon RX 6700 XT,322.0,Black,230.0,3
46fb2f58-4027-4a6d-9ccd-2ffd1c82043a,2310.0,2610.0,12.0,GeForce RTX 4070 Ti,329.0,Black / Silver,,4
fe7c31d3-e508-4405-b148-b666ab657cc6,1575.0,1770.0,8.0,GeForce RTX 3070 Ti,305.0,Black,290.0,21
2fe6e017-ce58-47a7-8240-efb72524866a,2310.0,2760.0,12.0,GeForce RTX 4070 Ti,338.0,Black / Silver,,4
45d418e8-7775-429a-9bfa-af84ecbdae5b,2205.0,2505.0,16.0,GeForce RTX 4080,329.0,Silver / Black,,17
4e208771-7513-4f48-88c5-3c0a684d2c32,1968.0,2593.0,8.0,Radeon RX 6600 XT,282.0,Black / Silver,160.0,35
19630f8b-1e69-4051-aba4-2494fe5277e2,2050.0,2300.0,8.0,Arc A750,306.0,Blue / Black,,23
e3bb8eb4-3fef-4365-9641-8853438de47a,2000.0,2535.0,20.0,Radeon RX 7900 XT,338.0,Black,,16
db1f2581-1a29-4784-8c71-5aee8a1bfc2b,1685.0,1845.0,4.0,Radeon RX 5500 XT,241.0,Black / Yellow,130.0,80
bab04d7f-740d-49cf-9f13-4cdd58c3c25f,2205.0,2520.0,16.0,GeForce RTX 4080,337.0,Black,,17
5d280d33-01f4-4037-8039-f5d18bd05517,1485.0,1710.0,4.0,GeForce GTX 1650 G5,191.0,Black / Silver,,70
6d093042-ad23-43d0-93bf-ab87cc20031f,1968.0,2607.0,8.0,Radeon RX 6600 XT,240.0,Black / Silver,160.0,35
b4b87943-c84a-4780-8a07-32fa80d745b1,1500.0,1755.0,8.0,GeForce RTX 3070,232.0,White,220.0,25
a4214cd2-0d4d-441c-b459-b8ec517651e7,1830.0,2460.0,8.0,GeForce RTX 4060,260.0,Black,,15
bd5d7307-d453-492e-84fb-d08d7795385c,1005.0,1545.0,8.0,Quadro RTX 4000,267.0,Silver / Black,160.0,81
bcd953ed-d20d-4dc7-af1e-0f27edba91ed,1168.0,1268.0,8.0,Radeon RX 570,246.0,Black / White,,74
774890b2-be16-4439-8450-508cccdd608d,1252.0,1506.0,2.0,GeForce GT 1030,175.0,White,30.0,51
4f4982e0-293c-4e9f-a359-fb27ebdf9517,2310.0,2670.0,8.0,GeForce RTX 4060 Ti,170.0,Black,,13
35cf8f15-6c94-40e8-9e0c-6e5c6e81567e,2205.0,2580.0,16.0,GeForce RTX 4080,352.0,Black,,17
7efde443-4234-42cc-a136-a85474747daf,1260.0,1890.0,12.0,GeForce RTX 3080 12GB LHR,318.0,Black / Silver,,59
62ebcf6b-a5b3-490d-afef-7921ea6690a7,1920.0,2475.0,12.0,GeForce RTX 4070,226.0,Black,,2
55ea8a34-b239-4cb1-8a7b-972221bb231d,1410.0,1710.0,8.0,GeForce RTX 2070,269.0,Clear / Black,175.0,82
815ebc16-544f-4b2e-915f-30078c5b3324,,,0.5,Quadro NVS 420,,Black / Green,,83
46b03593-5e0d-4fed-a4b3-ea1c6b58803a,1620.0,1815.0,16.0,Quadro RTX 5000,267.0,Silver / Black,230.0,84
a3abae4c-da05-472d-998b-37c71060bab7,1607.0,1797.0,8.0,GeForce GTX 1070,267.0,Black / Gray,150.0,54
e5c60676-999e-4ae1-ad9f-1bad2d5f2ec3,1500.0,1845.0,8.0,GeForce RTX 3070 LHR,323.0,Black / Silver,,27
097b6ed7-a142-4871-b176-810dac573be7,1365.0,1710.0,6.0,GeForce RTX 2060,226.0,Silver / Black,160.0,24
7d476ab0-b805-4268-939d-299e8cd5b663,1700.0,2599.0,12.0,Radeon RX 7700 XT,304.0,White,,45
d9d3bd4b-8818-4fd9-bebe-61927ae8e5f2,1485.0,1710.0,4.0,GeForce GTX 1650 G5,190.0,Black,,70
d31f2067-5300-4703-a552-36d75f64037e,1440.0,1800.0,10.0,GeForce RTX 3080 10GB LHR,300.0,Black,,41
89fb766c-3a5f-499c-8e4e-6315de90815f,902.0,,4.0,GeForce GT 730,,Black / Gold,49.0,40
1edf8c0c-1d96-4e17-89c1-fffb578197bc,1594.0,1784.0,8.0,GeForce GTX 1070,267.0,White / Black,150.0,54
af42c23d-cf77-4a51-8277-5212b6298fc8,1440.0,1725.0,10.0,GeForce RTX 3080 10GB LHR,318.0,Gray,,41
80890530-b93a-4c33-b8ed-4fbe1489713f,2321.0,2581.0,12.0,Radeon RX 6700 XT,305.0,White,230.0,3
2fab2a92-ab98-4e58-8353-32adc7267197,2365.0,2820.0,4.0,Radeon RX 6500 XT,240.0,Black,,44
1db715d5-14e4-43c8-9009-482453ce9ae4,1550.0,1777.0,8.0,GeForce RTX 3050 8GB,228.0,Black,,34
13ced42c-3670-440d-83e4-867696cced77,1365.0,1680.0,6.0,GeForce RTX 2060,190.0,Black / Silver,160.0,24
8c9a4034-0264-484e-b538-9524970f8805,1530.0,1755.0,4.0,GeForce GTX 1650 SUPER,225.0,Black / Silver,100.0,53
2d54ca47-8bba-4e86-9468-44f30ee408d8,1170.0,1695.0,24.0,RTX A5000,267.0,Black,230.0,85
5cfc80fd-7604-4a4f-a7dd-64fc25088b94,1100.0,1071.0,4.0,Radeon RX 550 - 512,181.0,Black,,60
9f65a777-200d-4750-ad12-21d99c29990e,1968.0,2589.0,8.0,Radeon RX 6600 XT,282.0,Black / Silver,160.0,35
6f19efa1-3025-408e-b3e5-3e55ecd9b45a,1635.0,1845.0,8.0,GeForce RTX 2070 SUPER,267.0,Black,215.0,47
be23970d-4973-423d-a15d-709166bab34f,1257.0,1380.0,8.0,Radeon RX 580,255.0,Black / Red,185.0,12
f84e391e-6714-4a9a-9033-bea06eba9acb,1968.0,2607.0,8.0,Radeon RX 6600 XT,243.0,Black / Gray,160.0,35
967741b5-8b81-4f3b-aaf3-f7aa4ae83440,1720.0,2715.0,8.0,Radeon RX 7600,245.0,Black,,26
a0b752bf-0c9e-473d-9d9a-b404edc09b0c,1440.0,1800.0,10.0,GeForce RTX 3080 10GB LHR,320.0,Black / Gray,,41
21fc9359-beef-427c-ab6b-eab5c203327d,2125.0,2475.0,16.0,Radeon RX 6900 XT,332.0,Silver / Black,300.0,36
71ea9329-42ef-4184-b02b-ae48b335b51c,1260.0,1815.0,12.0,GeForce RTX 3080 12GB LHR,300.0,Black / Silver,,59
b160db4c-e7a4-400b-bd74-bc18a1ac8a6a,1290.0,1565.0,20.0,RTX 4000 SFF Ada Generation,168.0,Black,,86
36671126-f706-4efd-8bdc-f2e4a63f7ed0,1825.0,2250.0,16.0,Radeon RX 6900 XT,340.0,Black,300.0,36
ff70f8c4-a9fe-46a8-843f-7046e51cfcc7,1065.0,1395.0,8.0,T1000 8GB,156.0,Black / Gray,,87
24ed6c3e-7703-4d66-8e4b-eb09dcdf21b3,1500.0,1815.0,8.0,GeForce RTX 3070 LHR,300.0,Black,,27
05025fc8-7ceb-4374-a8aa-d3459804775f,2300.0,2565.0,24.0,Radeon RX 7900 XTX,338.0,Black,,9
06def5aa-0386-4be6-bf9c-11b0c0febdbe,2310.0,2715.0,8.0,GeForce RTX 4060 Ti,311.0,Black,,13
9ed2ad06-82e0-40d6-934c-51b32aedf64b,1700.0,2599.0,12.0,Radeon RX 7700 XT,332.0,Black,,45
3f0ec1f1-dad6-4464-bee1-f3db7af7b087,1569.0,1683.0,11.0,GeForce GTX 1080 Ti,300.0,Silver,250.0,88
9c3caec1-9d7b-4a8a-a3b5-559f166b60eb,1189.0,1430.0,2.0,GeForce GT 1030 DDR4,147.0,Black / White,,63
131a7312-4396-45d8-8e46-dff3a0616f6a,1500.0,1845.0,6.0,GeForce GTX 1660 Ti,202.0,Black / Silver,120.0,61
8d07c8af-94b6-4c00-a815-1200d0927536,1605.0,1905.0,8.0,Radeon RX 5700 XT,230.0,Black,225.0,49
6b5e3aa5-1f3c-4127-9b55-4a673f14f1e7,1365.0,1845.0,12.0,GeForce RTX 3080 Ti,336.0,Black / Silver,350.0,37
69866e38-059a-40e8-8be9-6c176e47beb6,2150.0,2623.0,12.0,Radeon RX 6750 XT,310.0,Silver / Black,,20
396234f6-69bb-4655-9eca-f8ac4d49b9f2,1500.0,1770.0,6.0,GeForce GTX 1660 Ti,173.0,Black,120.0,61
d763b260-2411-4878-ae86-057faa01123f,1354.0,1468.0,4.0,GeForce GTX 1050 Ti,145.0,Black,75.0,42
2abb984e-4e2d-48d2-a038-d1a84f1835c5,1469.0,1560.0,8.0,Radeon RX 590,232.0,Black / Orange,175.0,89
864904eb-6874-4e6a-9726-0ae7aa30f0a6,1830.0,2475.0,8.0,GeForce RTX 4060,247.0,Black,,15
2162d6a7-f9e2-40c4-a864-ad25c66f9166,1550.0,1830.0,8.0,GeForce RTX 3050 8GB,240.0,Black,,34
8912b1b4-53d7-44f5-8520-b13279b505e4,1410.0,1710.0,8.0,GeForce RTX 3060 Ti LHR,202.0,Black,,30
5df9b1b2-6c08-4e10-9843-990822aab372,2310.0,2670.0,12.0,GeForce RTX 4070 Ti,334.0,Black,,4
2f2258b8-9ef0-4ce9-a3e3-a0e4312b7141,1825.0,2365.0,16.0,Radeon RX 6900 XT,310.0,Black / White,300.0,36
fcfc2c6b-288c-445f-8745-79bf77e5b025,1410.0,1785.0,8.0,GeForce RTX 3060 Ti,301.0,Black,200.0,11
7f6ad851-3f19-4bb3-bda5-079b5ad02a92,1365.0,1770.0,12.0,GeForce RTX 3080 Ti,320.0,Black,350.0,37
eef4064d-8de4-4c49-9775-b7690625fda9,1395.0,1725.0,24.0,GeForce RTX 3090,285.0,Black / Red,350.0,31
7f84de3f-4515-4708-8c2a-eb806760a9f3,902.0,,2.0,GeForce GT 730,165.0,Blue / Black,49.0,40
e23a0a0f-a7d0-4405-98e6-2c93ea43a400,1500.0,1725.0,8.0,GeForce RTX 3070 LHR,294.0,Silver / Black,,27
5c4457f7-e01e-4fa6-8f88-1ae625222b73,1410.0,1620.0,8.0,GeForce RTX 2070,269.0,Clear / Black,175.0,82
db9fdc64-eb4e-4717-a5bd-ea96407aca46,1440.0,1740.0,10.0,GeForce RTX 3080 10GB LHR,305.0,Black,,41
1072d9df-0f8d-42c0-a4ad-7529a62075d2,2310.0,2595.0,16.0,GeForce RTX 4060 Ti,250.0,Black / Silver,,13
1ccb7b01-8413-477a-9e34-e66d300ab1d9,1550.0,,8.0,GeForce RTX 3050 8GB,172.0,Black / Silver,,34
a57b6413-e68e-4a98-81a9-d72d0f8f04d1,1500.0,1770.0,8.0,GeForce RTX 3070 LHR,285.0,Black,,27
2e8093dd-189d-4b29-ac21-963c1786ebf2,1500.0,1755.0,8.0,GeForce RTX 3070 LHR,232.0,Black,,27
a3001bdb-029a-4ab1-92c3-104b800cff2b,1410.0,1830.0,8.0,GeForce RTX 3060 Ti,323.0,Black / Silver,200.0,11
ddaee4dd-2e3e-4eb3-93ab-4a7e2d8f2d6f,1531.0,1771.0,6.0,GeForce GTX 1060 6GB,169.0,Black / Orange,,69
e6383aef-ef23-42d6-b67e-b2c4c82c95a0,1227.0,1480.0,8.0,Quadro P4000,242.0,Black / Green,105.0,90
92d35dba-b006-4a7f-aa08-65f2ecb74c65,1825.0,2310.0,16.0,Radeon RX 6800 XT,324.0,Black,300.0,6
8b177262-1306-4f66-95b3-0b601f75e030,1550.0,1890.0,8.0,GeForce RTX 3050 8GB,300.0,Black / Silver,,34
6d989cfa-773a-4f39-b3a1-ac81d8540ae8,1950.0,2365.0,16.0,Radeon RX 6900 XT,277.0,Black / Gray,300.0,36
196dd4f9-de77-4e17-ade8-7b4429fa5220,1560.0,1890.0,24.0,GeForce RTX 3090 Ti,356.0,Black,450.0,43
348dbee9-f472-40b6-ad5d-f8c55c3b7046,900.0,1080.0,8.0,Radeon Pro WX 7100,242.0,Blue,130.0,91
4b02a968-b81d-4788-a91b-ef80bc74cb51,1350.0,1545.0,11.0,GeForce RTX 2080 Ti,270.0,Black / Clear,250.0,55
09482453-e517-41e0-8d1a-b046a5e0e15b,1260.0,1755.0,12.0,GeForce RTX 3080 12GB LHR,285.0,Black,,59
3c272237-53a5-48df-9223-9b8eccbc6972,1290.0,1392.0,4.0,GeForce GTX 1050 Ti,182.0,Black / White,75.0,42
d30516c1-a6e2-4934-9dbc-68015d7eb57b,1923.0,,4.0,Radeon RX 6400,155.0,Black / Silver,,57
942ffdf4-3935-40af-9738-834b3fe30367,1410.0,1590.0,4.0,GeForce GTX 1650 G6,178.0,Black / Silver,,28
b7705108-93ee-4c59-86a6-b03f1beaaa08,1365.0,1665.0,12.0,GeForce RTX 3080 Ti,305.0,Black / Silver,350.0,37
fb8c6e7c-49e4-483f-8b76-4e61859575e4,2321.0,2622.0,12.0,Radeon RX 6700 XT,323.0,Black,230.0,3
7e084a30-def4-4138-897c-1fe934aab8ed,2055.0,2694.0,8.0,Radeon RX 6650 XT,281.0,Black / Gray,,14
3c096cd3-8984-417e-b280-8e686153633d,1370.0,1470.0,5.0,Quadro P2000,201.0,Black,75.0,92
4f3ddf1e-e305-4996-8a41-b089f711f40b,1500.0,1845.0,8.0,GeForce RTX 3070 LHR,275.0,Black / Silver,,27
a773e8ba-2c84-419c-af74-e0458050612d,1550.0,1777.0,8.0,GeForce RTX 3050 8GB,213.0,Black,,34
aed199f7-3877-4296-a06b-d96a03fae776,1530.0,1725.0,4.0,GeForce GTX 1650 SUPER,158.0,Black,100.0,53
b7506695-c7a6-4f94-ba14-ad1c34dbcd93,1410.0,1770.0,8.0,GeForce RTX 3060 Ti LHR,278.0,Black / Gray,,30
dcbe7baf-171c-451a-9786-7a0a74e421f2,1923.0,,4.0,Radeon RX 6400,192.0,Black / Silver,,57
8e0882fa-4297-405a-8e93-bfa7ae38c753,1500.0,1845.0,8.0,GeForce RTX 3070 LHR,290.0,Black,,27
be1568b8-1e68-4e6c-8a7f-652a04da91f8,1320.0,1777.0,12.0,GeForce RTX 3060 12GB,202.0,Black,,1
4456e515-269c-42cd-a4d0-c90663fc6d7e,1410.0,1665.0,8.0,GeForce RTX 3060 Ti,222.0,Black,200.0,11
f2cdbd47-37d8-4084-bfa7-82952e571868,1395.0,1860.0,24.0,GeForce RTX 3090,319.0,Black,350.0,31
c6228e43-8b89-4ed1-8d0f-06ab32d1488c,1830.0,2460.0,8.0,GeForce RTX 4060,155.0,Black,,15
bb430cb3-c3fb-4bb4-a686-ddb298ad505f,1200.0,1455.0,12.0,Titan V,267.0,Black / Gold,,93
bdb6e645-9b17-4794-8ff3-c2e6f247e9b2,1410.0,1740.0,8.0,GeForce RTX 3060 Ti,269.0,Black / Silver,200.0,11
72e27fe6-e65a-4303-8880-415a71a6594c,1410.0,1740.0,8.0,GeForce RTX 3060 Ti LHR,282.0,Black,,30
c3f5a064-0702-4e8d-b9bb-aa88b45fbe21,872.0,1180.0,4.0,Quadro M2000,168.0,Black,75.0,94
ac2aa853-c27b-4d82-b502-d6fdfa110220,1605.0,1815.0,8.0,GeForce RTX 2070 SUPER,286.0,Black,215.0,47
5c696fca-422b-4442-91f4-fd3b616ffbd3,1189.0,1430.0,2.0,GeForce GT 1030 DDR4,150.0,Black,,63
749175ad-efa3-46c2-9c34-e893a43d438a,1395.0,,24.0,GeForce RTX 3090,304.0,Silver / Black,350.0,31
0187a7fd-697f-416b-9c1a-2b0ac881c0ec,1550.0,1875.0,8.0,GeForce RTX 3050 8GB,272.0,Black,,34
6665d45c-b71c-407c-a611-ba8803ceee40,1410.0,1665.0,8.0,GeForce RTX 3060 Ti LHR,247.0,Black,,30
8cbaad19-126b-4a22-b848-cbbfef13dfca,1341.0,1455.0,4.0,GeForce GTX 1050 Ti,191.0,Black / Orange,75.0,42
68644efc-95d4-4a26-ba05-605a79a85f63,1250.0,1290.0,4.0,Radeon Pro WX 3200,168.0,Blue / Black,65.0,95
aaae089f-7fd9-4cca-a937-bd757aad2cab,2015.0,2340.0,16.0,Radeon RX 6900 XT,332.0,Black,300.0,36
fe13e3f6-84c0-4055-a328-8e877a1ccb67,954.0,,2.0,GeForce GT 710,114.0,Black,25.0,58
665abdc5-fb17-4f13-993d-d9f47d108566,1365.0,1710.0,6.0,GeForce RTX 2060,205.0,Silver / Black,160.0,24
29d27286-8596-4929-82a0-d4a79c550ab4,1257.0,1380.0,8.0,Radeon RX 580,298.0,Black,185.0,12
283b1645-d329-4429-a5f3-29a97ae2c2d7,2055.0,2689.0,8.0,Radeon RX 6650 XT,220.0,Black,,14
f104d5ab-1769-4029-9a65-b6837f8f9d62,1320.0,1882.0,12.0,GeForce RTX 3060 12GB,301.0,Orange / Black,,1
e491fdf2-b749-4157-83e4-bdc60428cd60,2235.0,2550.0,24.0,GeForce RTX 4090,326.0,Black,,8
a6a079e7-4d4f-4297-8cb9-9fcd3b18a104,2075.0,2320.0,32.0,Radeon PRO W6800,267.0,Blue / Gray,250.0,96
61f0fd12-b8c6-470d-81a2-67483d5a1872,1120.0,1316.0,4.0,Radeon RX 480,276.0,Black / Red,150.0,97
3f1dc62f-a7be-4a62-b2a5-ec86326e7207,2331.0,2331.0,4.0,Radeon PRO W6400,168.0,Blue,,98
f878dc12-0f0c-4dff-aaf3-4f0dbc69bd54,1290.0,1430.0,4.0,GeForce GTX 1050 Ti,172.0,Black / Orange,75.0,42
88d9ee77-8206-44ea-9f5a-48e1511f398a,1500.0,1845.0,8.0,GeForce RTX 3070,275.0,Black / Silver,220.0,25
d2e393ad-267c-41d9-96bd-d469db43aba3,1252.0,1506.0,2.0,GeForce GT 1030,150.0,Black,30.0,51
b8cc763f-00e1-47cf-b1ac-d61a8d2a38bf,1626.0,2491.0,8.0,Radeon RX 6600,220.0,Black / White,,7
7abb3506-5483-42e6-9428-b4b40fd42f50,1260.0,1755.0,12.0,GeForce RTX 3080 12GB LHR,320.0,Black / Silver,,59
784f23a9-d52b-4944-9b4a-f3ac65c21f53,925.0,975.0,4.0,Radeon Pro WX 4100,168.0,Blue,50.0,99
05ac11b0-f223-4ba8-8a53-15ef815267a8,1410.0,1650.0,4.0,GeForce GTX 1650 G6,212.0,Black / Silver,,28
8909a06e-ccb1-4e43-9492-2df2c2b1cfaf,1320.0,1882.0,12.0,GeForce RTX 3060 12GB,275.0,Black / Silver,,1
ac284f8c-b0fb-44dd-a447-bfe66010fd13,1825.0,2425.0,16.0,Radeon RX 6900 XT,324.0,Silver / Black,300.0,36
4447350f-d281-4c83-9896-d678e3b00a45,950.0,,3.0,Radeon HD 7970,280.0,Black / Silver,,100
8935d41b-c93f-4f6b-b858-deddac8bb0ad,1700.0,2170.0,16.0,Radeon RX 6800,310.0,Black,250.0,18
b088e39d-2bd3-4943-ba46-b9cb7a8b8145,1607.0,1845.0,4.0,Radeon RX 5500 XT,178.0,Black,130.0,80
9c655bd1-2483-44fe-85cd-5058f2b7b87b,1530.0,1845.0,6.0,GeForce GTX 1660 SUPER,210.0,Black,125.0,22
fd2da4ec-6056-40cd-8bb3-48a4f838fb4e,1825.0,2285.0,16.0,Radeon RX 6900 XT,286.0,Black / Silver,300.0,36
2f47e711-543d-42ea-9ac9-813fc52dd682,1410.0,1620.0,4.0,GeForce GTX 1650 G6,167.0,Black,,28
b4cf48dc-a4f0-4282-8388-2ac699ed6ff0,1365.0,1680.0,6.0,GeForce RTX 2060,202.0,Gray / Black,160.0,24
9dd521cd-0e52-4b7f-b071-7f67096ba0ba,1700.0,2599.0,12.0,Radeon RX 7700 XT,332.0,Black,,45
3950051e-ba67-4184-b434-45d9fb715316,1440.0,1845.0,10.0,GeForce RTX 3080 10GB,252.0,Black / Silver,,29
e4b6491b-22a9-4ed6-a2cc-8347d186ab10,1320.0,1807.0,12.0,GeForce RTX 3060 12GB,177.0,Black,,1
d9ea8089-222f-4f84-aadc-0102d45ff7a5,1354.0,1455.0,4.0,Quadro P1000,145.0,Black,47.0,101
f89b7123-6ed7-41f3-b7a9-9e960ac3b61b,1290.0,1392.0,4.0,GeForce GTX 1050 Ti,145.0,Black,75.0,42
365c70a5-527c-4823-990f-3403f6296ef5,1365.0,1695.0,12.0,GeForce RTX 3080 Ti,300.0,Black,350.0,37
0bc99d0b-55ee-420b-b2b2-b864144f9a42,1485.0,1860.0,4.0,GeForce GTX 1650 G5,202.0,Black,,70
77d926d5-3a8c-49e1-b17c-ba9a0cb76178,1700.0,,16.0,Radeon RX 6800,310.0,Black / Silver,250.0,18
e9b6e290-ee20-4efb-811d-c2cfb9f24c37,1560.0,1860.0,24.0,GeForce RTX 3090 Ti,300.0,Black,450.0,43
eb10a24c-87f2-4975-bcd8-32d08de7017f,1500.0,1935.0,8.0,GeForce RTX 3070 LHR,318.0,Black / Silver,,27
96d93a8c-5feb-4588-b405-2862a6d68cc8,1320.0,1807.0,8.0,GeForce RTX 3060 8GB,200.0,Black,,33
418eef7d-c6ef-488d-9354-fdcaca090db7,902.0,,12.0,Quadro K6000,267.0,Black / Silver,225.0,102
3d957eb7-493c-4c9b-ad66-76e1e2df6687,1825.0,2285.0,16.0,Radeon RX 6900 XT,310.0,Black / Silver,300.0,36
b7ea914a-9d8a-4b1b-91ed-36c25612c825,1410.0,1785.0,8.0,GeForce RTX 3060 Ti LHR,275.0,Silver / Black,,30
53768812-3e41-4c45-af01-b9cbfb46e797,1607.0,1721.0,8.0,GeForce GTX 1070 Ti,267.0,,180.0,103
c4c87cdc-0f84-4d81-8e9f-6fbc2a933f89,1440.0,1770.0,24.0,Quadro RTX 6000,267.0,Black / Silver,295.0,104
cbaf9e88-99ed-4bb9-afc8-12dddf63b639,1266.0,1506.0,2.0,GeForce GT 1030,169.0,Black / Blue,30.0,51
4d2d3e39-9a76-485d-9605-8a9ddf39e59c,1500.0,1725.0,8.0,GeForce RTX 3070,305.0,Black / Silver,220.0,25
6be387be-5ddf-4246-bbbe-c19c4f36b4ce,902.0,,2.0,GeForce GT 730,180.0,Black / Blue,49.0,40
75eb486c-089e-4146-aa4a-faed158bcbb1,1968.0,,8.0,Radeon RX 6600 XT,303.0,Black,160.0,35
d6ffd0dd-d3d3-4d26-a2ee-44a74bb59558,1968.0,2607.0,8.0,Radeon RX 6600 XT,282.0,Black / Silver,160.0,35
d68aefb0-4b5e-4a68-afb1-de5d76b6e5a3,1485.0,1860.0,4.0,GeForce GTX 1650 G5,245.0,Black,,70
55579b00-98ce-464c-971b-05a86cc17e28,1365.0,1860.0,12.0,GeForce RTX 3080 Ti,293.0,Black / Silver,350.0,37
fb35e182-3a61-42ba-936e-5ea6ff9db70e,1440.0,1755.0,10.0,GeForce RTX 3080 10GB,320.0,Black,,29
8862f196-31ea-4221-807f-43eea50dfe59,1740.0,1785.0,4.0,GeForce GTX 1630,151.0,Black / Gray,,67
344eb90d-8f5e-4895-b780-5436e5a648ed,1410.0,1785.0,8.0,GeForce RTX 3060 Ti LHR,296.0,Black,,30
8814345c-a264-4ce2-b286-3d7ae5a432b3,1257.0,1405.0,8.0,Radeon RX 580,270.0,Black / Red,185.0,12
87461c0e-3e9b-4cf1-be6b-dd5671e22d9f,1365.0,1680.0,6.0,GeForce RTX 2060,247.0,Silver / Black,160.0,24
1ecf5976-787f-4b44-ad35-97cb7e2ec72f,2310.0,2595.0,16.0,GeForce RTX 4060 Ti,250.0,Black,,13
5bb97f4a-26b5-4885-a26f-dc1f1e3268be,1227.0,1468.0,2.0,GeForce GT 1030,173.0,Black,30.0,51
c06b7c09-b3db-4c2f-a9b3-1cc446c622de,1968.0,2602.0,8.0,Radeon RX 6600 XT,215.0,Black / Silver,160.0,35
56fa8e7c-b579-46eb-a059-a6496f671132,1440.0,1770.0,10.0,GeForce RTX 3080 10GB,318.0,Black,,29
9111bd69-5230-44fd-ba11-e259401b11b4,1650.0,1860.0,8.0,GeForce RTX 2080 SUPER,300.0,Black,250.0,62
3e626c4d-18ea-4dc1-9305-1d075b35c984,1410.0,1770.0,8.0,GeForce RTX 3060 Ti LHR,281.0,Black,,30
0d6dc8e8-e3c8-414f-9e1a-14905aebbc10,1100.0,1183.0,2.0,Radeon RX 550 - 512,192.0,Black,,60
77650b2f-3587-4565-9a99-988772fa6e60,2055.0,2694.0,8.0,Radeon RX 6650 XT,251.0,Black,,14
f10dcea4-039e-47cc-8793-3ee6859e3ee6,1260.0,1830.0,12.0,GeForce RTX 3080 12GB LHR,319.0,Black,,59
381ab276-1bb9-4a26-91f4-4ac93013cc0f,1923.0,,4.0,Radeon RX 6400,201.0,Black,,57
a38a2a04-d274-46f7-bad9-25a88e145aa9,1605.0,1980.0,8.0,Radeon RX 5700 XT,283.0,Black,225.0,49
855c3483-a81d-44c4-92d2-a8d550864dac,1058.0,,2.0,GeForce GTX 770,271.0,Black / Red,230.0,105
4b4d57ea-de79-40f8-a0e3-897c7011a38f,1410.0,1650.0,4.0,GeForce GTX 1650 G6,191.0,Black / Silver,,28
83614bff-b7f2-4ff2-b48f-139473fde9f7,1920.0,2595.0,12.0,GeForce RTX 4070,329.0,Black / Silver,,2
69d0faa3-5a7f-4501-b9ba-46874347ab85,2310.0,2595.0,16.0,GeForce RTX 4060 Ti,250.0,Black,,13
551c9aed-29da-415a-ae6b-7eca6e7a1aca,1395.0,1755.0,24.0,GeForce RTX 3090,328.0,Black,350.0,31
6a9dd50a-6fb1-45a7-81e7-ea098f50c39f,1500.0,1725.0,8.0,GeForce RTX 3070,285.0,Black / Silver,220.0,25
aa97fff4-0b50-42db-bd81-f196ab990bcd,1968.0,2593.0,8.0,Radeon RX 6600 XT,220.0,Black,160.0,35
ac1b9295-efb7-47bc-a2d8-fd6059e7d510,1830.0,2505.0,8.0,GeForce RTX 4060,260.0,Black,,15
62105509-4c8a-42b7-aa38-6eec3e01d671,876.0,891.0,2.0,Quadro K420,160.0,Black / Green,41.0,106
a58bdfd4-b695-4a56-a4bc-f93bb47d66c0,420.0,1425.0,4.0,T400 4GB,156.0,Black / Gray,,107
e351eed7-1d25-43ca-b448-2977998bf326,2188.0,2607.0,8.0,Radeon RX 6600 XT,274.0,Black,160.0,35
ddfd2d1a-ac2f-448c-b5fb-ff06393d37a3,1855.0,2499.0,32.0,Radeon PRO W7800,280.0,Black,,108
c176cf23-4305-4c16-af32-5d7ff0ce7910,1266.0,1354.0,2.0,Quadro P620,145.0,Black,40.0,109
70f9d93c-aa49-4fef-9e94-95685bbaec08,1777.0,1860.0,8.0,GeForce RTX 3050 8GB,296.0,Black,,34
e70f87fe-d65c-4105-8c4b-366714c0580f,1506.0,1746.0,6.0,GeForce GTX 1060 6GB,277.0,Black / Red,,69
3e3f7986-8a15-4165-be7f-317c015de220,925.0,1219.0,4.0,Radeon Pro WX 3100,168.0,Blue,50.0,110
e3bf3dea-b5e4-4efe-954d-2053a535380a,1575.0,1770.0,8.0,GeForce RTX 3070 Ti,318.0,Black / Silver,290.0,21
27661a59-a6e3-4319-9432-7e693d2ba3e4,1530.0,1755.0,4.0,GeForce GTX 1650 SUPER,206.0,Black,100.0,53
98ec441a-85ad-408e-a1ed-9bee5a873d52,1440.0,1710.0,10.0,GeForce RTX 3080 10GB,285.0,Black,,29
c527e59d-b658-4c71-9f13-77f87023a7a9,1365.0,1680.0,6.0,GeForce RTX 2060,226.0,Black / Gray,160.0,24
6dce56d2-9394-4389-a0e7-2911b201081f,824.0,,8.0,FirePro W7100,279.0,Black / Red,150.0,111
2aaca956-f7e0-4b99-a8c4-5817aa0115bc,1607.0,1733.0,16.0,Quadro P5000,,Black / Green,180.0,112
c7bd3b96-fc7b-4646-a396-b5f2a944aa82,1920.0,2505.0,12.0,GeForce RTX 4070,250.0,Black / Silver,,2
07b53713-66b7-4e44-a710-04dfdb6634db,1825.0,2525.0,16.0,Radeon RX 6900 XT,270.0,Black,300.0,36
10e16713-65eb-4e51-bde5-86b2e7dab7eb,1405.0,1425.0,8.0,Radeon RX 580,279.0,Black / White,185.0,12
8c9ff865-e339-4356-9f81-46e1ddf77380,902.0,,2.0,GeForce GT 730,146.0,Black / White,49.0,40
217ac93c-d39c-4f8a-a442-494907e9954a,1485.0,1740.0,4.0,GeForce GTX 1650 G5,182.0,Black,,70
b393b6ee-6328-47cb-a44c-7da6e5fa0b98,1354.0,1900.0,8.0,Radeon Pro W5500,241.0,Blue / White,125.0,113
227ebe5b-4bca-4ffe-a501-6c3a6986b3ca,1500.0,1860.0,6.0,GeForce GTX 1660 Ti,243.0,Black / White,120.0,61
6d5a3eb6-2bc0-42ac-a124-0ee356a8131d,926.0,1206.0,8.0,Radeon Pro WX 5100,173.0,Blue,75.0,114
78317a18-07f7-40b6-8d3b-490dbdb24e90,1410.0,1620.0,4.0,GeForce GTX 1650 G6,170.0,Black / White,,28
8d12f1d0-d51f-41b7-96b2-a7635936c3e3,1075.0,1000.0,12.0,GeForce GTX Titan X,267.0,Black / Silver,,115
8f9ad98c-405a-4e98-be8b-721c9ed73519,2331.0,2580.0,8.0,Radeon PRO W6600,241.0,Blue,,116
8d4e04d5-6add-4a45-a462-c9313c646a52,735.0,1560.0,16.0,RTX A4000,242.0,Black,140.0,71
cf97379c-f8e0-4884-add5-8d8d418aecdc,1070.0,1170.0,2.0,Quadro P400,145.0,Black,30.0,117
590ca8be-0148-47e1-b6df-307b9f35e0a2,902.0,,2.0,GeForce GT 730,150.0,Black,49.0,40
82fb32fa-f87c-4584-afc9-a37baf6e5f17,1410.0,1635.0,4.0,GeForce GTX 1650 G6,197.0,Black,,28
6bc1a6d0-0ff2-4c25-9ec2-96b1e877045a,1290.0,1544.0,2.0,GeForce GT 1030,145.0,Black,30.0,51
6838761a-ef3a-4628-aee7-fe793fbbc50e,1006.0,1072.0,3.0,GeForce GTX 780 Ti,266.0,Black / Silver,250.0,118
27e95f24-fe2c-4e49-adee-203402a218ee,1410.0,1785.0,8.0,GeForce RTX 3060 Ti,275.0,Black / Silver,200.0,11
61e60c86-a21c-44aa-b840-d81e27687745,1440.0,1740.0,10.0,GeForce RTX 3080 10GB LHR,305.0,Black,,41
bf1da06c-e440-4134-a3bc-6b76784280e5,1825.0,2495.0,16.0,Radeon RX 6900 XT,340.0,Black,300.0,36
22000dd7-196c-48af-a9a2-d42767779ac3,1575.0,1830.0,8.0,GeForce RTX 3070 Ti,300.0,Black / Silver,290.0,21
a3d1211f-3076-4421-8df7-a5b216e871c8,1500.0,1725.0,8.0,GeForce RTX 3070 LHR,294.0,Black / Silver,,27
3d415a6b-d03c-4f59-9c76-e4e824c38918,1410.0,1620.0,4.0,GeForce GTX 1650 G6,212.0,Black / Silver,,28
0d783bbb-e650-4f28-ab04-7cf32ae656b4,1530.0,1785.0,6.0,GeForce GTX 1660 SUPER,235.0,Black,125.0,22
05a2c2ff-d68f-43af-ae95-3bd81f4d638e,1000.0,1493.0,5.0,Quadro P2200,201.0,,75.0,119
8e529a9c-f8fa-417d-ac29-cb72b126cd72,1410.0,1620.0,4.0,GeForce GTX 1650 G6,197.0,Black,,28
89c36ee3-1c9d-4403-b20f-62d0fb938f3b,1410.0,1710.0,4.0,GeForce GTX 1650 G6,245.0,Black,,28
04aff565-baa4-463f-a1b0-8ec655113f6d,2310.0,2535.0,8.0,GeForce RTX 4060 Ti,170.0,Black,,13
cfc633bc-f425-4306-82e4-b511378a3ab3,1260.0,1710.0,12.0,GeForce RTX 3080 12GB LHR,285.0,Black,,59
34d7a45e-4d10-43ae-ae7f-401df57fdc17,1365.0,1800.0,12.0,GeForce RTX 3080 Ti,300.0,Black,350.0,37
d1fc23b2-0938-4ed3-86d3-dc5f10f4905f,2055.0,2694.0,8.0,Radeon RX 6650 XT,260.0,Silver / Black,,14
196e1457-b54a-4d73-9c07-af1fab7bdbe6,2310.0,2685.0,8.0,GeForce RTX 4060 Ti,250.0,Black,,13
a1c0b46f-eb4b-422c-9988-7d0e1501f214,1350.0,1635.0,11.0,GeForce RTX 2080 Ti,269.0,Black / Clear,250.0,55
116c46df-220a-4bf2-bb61-64b761e50c11,1500.0,1920.0,8.0,GeForce RTX 3070 LHR,335.0,Black / Silver,,27
99d9f408-eb7b-44b0-9849-81a676e4afa7,1550.0,1777.0,8.0,GeForce RTX 3050 8GB,202.0,Black,,34
c112e6b8-cc97-4b86-908b-4ea018bc05ee,1825.0,,16.0,Radeon RX 6900 XT,267.0,Black / Silver,300.0,36
3bf02ae9-c8e9-450c-905e-85921a7e821d,1065.0,1395.0,4.0,T1000 4GB,156.0,Black / Gray,,120
31241e9a-64fa-4c7f-9afd-f79de973bf16,1227.0,1468.0,2.0,GeForce GT 1030,,Black / Silver,30.0,51
592563fc-7ae7-4c87-9a5c-0a17c6543ee7,1825.0,2600.0,16.0,Radeon RX 6900 XT,270.0,Black,300.0,36
c3f8b186-c01b-4eb2-8885-3c40972fe01e,1410.0,1785.0,4.0,GeForce GTX 1650 G6,206.0,Black,,28
faa59e9f-570d-429a-a54c-6d7f0ca0b448,1500.0,1770.0,6.0,GeForce GTX 1660 Ti,268.0,Black,120.0,61
e332a86c-a747-486c-ba2d-f64ef610425e,1925.0,2360.0,16.0,Radeon RX 6800 XT,340.0,Black,300.0,6
6da39bb2-4a6e-4ccb-90ba-55a6a80c4c68,1243.0,1930.0,8.0,Radeon Pro W5700,267.0,Blue / Silver,205.0,121
29befc1f-cb0d-40eb-9fd3-4fe7b082e752,1400.0,1700.0,16.0,Radeon Pro VII,305.0,Blue / Silver,250.0,122
06cad8d2-4221-4cae-8989-09d95872d86a,,,2.0,Radeon HD 5450,,Black / Red,19.1,78
f2af98dc-623f-4705-9b32-205c83caff1c,1700.0,2599.0,12.0,Radeon RX 7700 XT,328.0,Black,,45
86a1bc69-2f70-4b95-8043-b1e2b40c21a6,2205.0,2505.0,16.0,GeForce RTX 4080,329.0,Black,,17
5108f790-8a85-4187-83ab-304eb19a2dae,772.0,,4.0,Radeon R9 290X,292.0,Black / Red,,123
cc381717-b9c1-49ae-be87-33d5ade8d865,1395.0,1725.0,24.0,GeForce RTX 3090,320.0,Black,350.0,31
febe2384-b057-43a0-864f-77d1e495bcc4,954.0,,2.0,GeForce GT 710,144.0,Black,25.0,58
e340a2a8-d7c7-48a7-b9ec-6991b5c9f4cf,1100.0,1071.0,4.0,Radeon RX 550 - 512,152.0,Black / Red,,60
a6c6db42-7823-4f60-a371-0259cbd2e628,1825.0,2365.0,16.0,Radeon RX 6900 XT,340.0,Black,300.0,36
5ff5f211-4b2b-4c13-81c3-cb354fe2242c,800.0,,2.0,Radeon HD 7750,130.0,Red,55.0,124
95e64efb-5c62-457e-ae6f-73598df7d0d1,1920.0,2505.0,12.0,GeForce RTX 4070,297.0,Black / Silver,,2
93306ca8-3545-44f8-884d-01f1747bf80f,1410.0,1650.0,4.0,GeForce GTX 1650 G6,200.0,Black,,28
8d6f45b1-a22f-4eaa-8fea-cfd75745bd77,1440.0,1710.0,10.0,GeForce RTX 3080 10GB LHR,285.0,Black,,41
6bd5f4f8-fdcc-4837-a1cf-a487d9b6bd50,1365.0,1755.0,6.0,GeForce RTX 2060,226.0,Black / Gray,160.0,24
08b11c35-6ece-46b2-9ef6-3ab1f29d07e6,1530.0,1830.0,6.0,GeForce GTX 1660,174.0,Black / White,120.0,52
83e6d568-74a6-47f4-9a31-7955093ebeae,1500.0,1755.0,8.0,GeForce RTX 3070 LHR,300.0,Black,,27
1c165704-4709-4dbe-ad6d-be562aeedccd,902.0,927.0,2.0,GeForce GT 730,170.0,Blue,49.0,40
e563eb52-d5be-4e50-a00c-6751d5eea515,902.0,,2.0,GeForce GT 730,146.0,Black / Gold,49.0,40
41a4eea2-44f3-4b2e-b352-fd3b79052d82,1825.0,2525.0,16.0,Radeon RX 6900 XT,277.0,Black / Silver,300.0,36
b036c02c-68b6-4ca1-b10f-1254b1600360,1365.0,1710.0,6.0,GeForce RTX 2060,268.0,Black / Silver,160.0,24
fa86ba0a-7886-48cd-a2f6-6c782df950a4,1046.0,,4.0,Quadro K2200,202.0,Black / Green,68.0,125
3faa1259-9169-4051-9cef-10f2363c5cfa,1506.0,1683.0,8.0,GeForce GTX 1070,267.0,Black / Red,150.0,54
603cffed-8462-4c8d-9ffa-4a077348148a,540.0,,0.25,Quadro NVS 295,168.0,Black / Green,23.0,126
60a6521d-9707-40b1-84c0-7bccb0d9afa7,2321.0,2581.0,12.0,Radeon RX 6700 XT,267.0,Silver / Black,230.0,3
783d417f-e19a-43a7-b7aa-c020bae8b336,925.0,1219.0,2.0,Radeon Pro WX 2100,145.0,Blue,35.0,127
ff138fe1-5c9f-48c2-9a7b-1c8075daf233,1354.0,1455.0,2.0,Quadro P600,145.0,Black,40.0,128
d8c12d27-f3da-4e0a-a8f7-b54e67a434f4,1575.0,1890.0,8.0,GeForce RTX 3070 Ti,356.0,Gray / Black,290.0,21
241a14ad-64d7-4dcc-b88d-5abd7e5aabbb,1200.0,1500.0,16.0,Radeon Pro WX 9100,267.0,Blue,230.0,129
14bda94d-416f-4259-8681-54c8dc9d1dbc,876.0,,1.0,Quadro K600,160.0,Black / Green,41.0,130
b3c09783-fd16-4530-95ad-c0846efcd70c,730.0,,2.0,Radeon R7 240,159.0,Black / Red,30.0,32
3029ee9a-10e2-4bc1-af9e-fd4a681274eb,1700.0,2190.0,16.0,Radeon RX 6800,324.0,Black,250.0,18
23826554-2bd1-4f74-b857-c02e561cc3c2,700.0,,2.0,GeForce GT 730,145.0,White,49.0,40
5877ed5c-dcdf-46c0-b319-b55b535ee0ea,1607.0,1845.0,8.0,Radeon RX 5500 XT,178.0,Black,130.0,80
73a5beb3-2261-4ef9-9f5c-80183d21c533,1260.0,1755.0,12.0,GeForce RTX 3080 12GB LHR,263.0,Black,,59
1b39c883-ff99-4369-a1d9-811d9941c7e1,1260.0,1830.0,12.0,GeForce RTX 3080 12GB LHR,252.0,Black,,59
80394479-6e64-4a70-b6d2-8443cea6e1cb,750.0,,1.0,Radeon HD 4670,167.0,Black,59.0,131
6e808480-544d-470d-837f-0207b3244e94,1260.0,1710.0,12.0,GeForce RTX 3080 12GB LHR,320.0,Black,,59
57cf9afe-93d7-42ab-b108-3cf5ef98bdde,1500.0,1830.0,6.0,GeForce GTX 1660 Ti,301.0,Black,120.0,61
8e333126-915d-4bf1-b6ec-511acd03b15c,1500.0,1725.0,8.0,GeForce RTX 3070 LHR,285.0,Black,,27
df3df793-a80e-4319-8bb8-5efc710ca319,1440.0,1845.0,10.0,GeForce RTX 3080 10GB LHR,319.0,Black,,41
5e28e2da-d5a2-48f0-9786-fc4422748c7b,1365.0,1665.0,12.0,GeForce RTX 3080 Ti,318.0,Black / Silver,350.0,37
37a48082-ef48-4d34-9ee9-b10a9bc7cc5d,1607.0,1733.0,8.0,GeForce GTX 1080,267.0,Black / Silver,180.0,66
3d38528a-7eec-4e8b-8784-2214f7f07e7e,1175.0,1336.0,4.0,Radeon RX 560 - 1024,194.0,Black,,132
4838c86f-e069-45e7-842c-ccf99d8ed58b,1485.0,1695.0,4.0,GeForce GTX 1650 G5,151.0,Black / Silver,,70
f9cb4069-482e-4d4c-a817-e1c31b6bf227,1410.0,1665.0,4.0,GeForce GTX 1650 G6,174.0,Black,,28
8f27e13e-7fae-4e0a-b29e-4d0eba0534df,1825.0,2600.0,16.0,Radeon RX 6900 XT,270.0,Black,300.0,36
92312da2-4035-4105-8ceb-09757a25769a,1410.0,1665.0,8.0,GeForce RTX 3060 Ti LHR,235.0,Black / Gray,,30
b3c8ae98-718e-4f65-8336-232daaf51826,1365.0,1680.0,6.0,GeForce RTX 2060,190.0,Black,160.0,24
2531b2ba-f374-493a-b749-b1581435da2f,1685.0,1845.0,8.0,Radeon RX 5500 XT,241.0,Black / Yellow,130.0,80
334ee60a-59b7-4fdb-b433-b642fa9a1238,,,0.5,GeForce 7200 GS,,Black / Green,,133
c1010d44-27ab-41de-aa99-687e93f3d469,1530.0,1830.0,6.0,GeForce GTX 1660,168.0,Black,120.0,52
49d979ba-762b-4e42-bacc-db6bcf559314,1552.0,1777.0,8.0,GeForce RTX 3050 8GB,170.0,Black / Red,,34
4f3905be-f931-4a3e-83e6-3ba599a2da03,1575.0,1785.0,8.0,GeForce RTX 3070 Ti,300.0,Black,290.0,21
33cec08b-d25c-4b4a-bea2-5ea631e75200,1925.0,2340.0,16.0,Radeon RX 6900 XT,340.0,Black,300.0,36
7e790fe5-2ec2-4e01-8fc7-7234d0b831f8,115.0,1176.0,4.0,Radeon RX 560 - 896,225.0,Black,,134
ca0b3ea1-61b6-4bb7-8569-660da0b8e4f4,1440.0,1770.0,10.0,GeForce RTX 3080 10GB LHR,318.0,Gray,,41
78a966f0-9ece-4737-ac0e-992174008290,480.0,,1.0,Radeon HD 6570,150.0,Black,44.0,135
f67f4bc6-6f48-4744-9c40-496238461e71,562.0,1200.0,6.0,RTX A2000 6GB,170.0,Black,,76
37c9c2bd-678a-4185-a99c-13aa1e82b81a,1405.0,1425.0,8.0,Radeon RX 580,270.0,Black / Red,185.0,12
2f02d463-a490-4781-9d75-01feef8a7d02,1825.0,2340.0,16.0,Radeon RX 6900 XT,320.0,Black,300.0,36
02932757-19f5-4fd5-834f-d67ee61d8bc8,1923.0,,4.0,Radeon RX 6400,165.0,Black / Silver,,57
f34b8abf-4c3b-4c34-a6eb-991734cae05c,700.0,,1.5,GeForce GTX 480,266.0,Black / Silver,250.0,136
acadd007-32c3-408a-975a-60ea7fd77794,1290.0,1544.0,2.0,GeForce GT 1030,168.0,Gray,30.0,51
3f4160f9-b1d8-44c5-aa9c-950f4248fd34,1365.0,1680.0,6.0,GeForce RTX 2060,270.0,Black / Silver,160.0,24
b84fab7d-5587-45aa-b0d9-3f8a143707bc,1850.0,2190.0,16.0,Radeon RX 6800,340.0,Black,250.0,18
2b554483-cee0-4a84-be8c-c50340b00376,2321.0,2581.0,12.0,Radeon RX 6700 XT,323.0,Black,230.0,3
b53f8b16-aaad-4593-a64c-d72b898cc691,1365.0,1680.0,6.0,GeForce RTX 2060,168.0,Black,160.0,24
3b42d429-93a5-4e09-b563-bceed455217c,920.0,,8.0,FirePro W7100,241.0,Black / Red,150.0,111
2edcb4d9-1d99-4ca9-bff3-8af08144762a,771.0,,4.0,Quadro K4200,241.0,Black / Silver,105.0,137
e9a59c18-5cfb-4a95-bf45-a6dd4493f75d,1058.0,,1.0,GeForce GTX 650,170.0,Black / Silver,64.0,138
1571b51e-6ce1-4bf8-b91a-e1c4cc4c71d5,810.0,,3.0,Quadro K4000,241.0,Black / Silver,80.0,139
e4c8363f-ae9d-4c61-996e-0e65e3b690cb,1050.0,1100.0,4.0,Radeon R9 270X,297.0,Black / Silver,180.0,140
528500ad-93b3-4a63-a658-e034584e630d,1058.0,1124.0,4.0,Quadro K1200,160.0,Black / Green,45.0,141
0719f990-f86c-4ed8-8121-d5279f160e75,1354.0,1455.0,2.0,GeForce GTX 1050,178.0,Black,75.0,64
51de72f0-e7b0-49df-969a-123a5b5ba24c,700.0,,2.0,GeForce GT 730,167.0,Black / Green,49.0,40
ded3c599-2fc6-48d0-b58c-ec90689cc434,420.0,1425.0,2.0,T400 2GB,156.0,Black / Gray,,142
29b532d4-e372-4d2a-9db9-fe0bec2d4c69,,,2.0,Quadro K2000,198.0,Black / Green,51.0,143
7867bc90-d74c-40ee-a207-9a2dfe16b40b,1740.0,1845.0,4.0,GeForce GTX 1630,204.0,Black,,67
beb67a83-329f-4e61-82f6-99566a295db8,1485.0,1860.0,4.0,GeForce GTX 1650 G5,242.0,Black,,70
776d636c-db22-4c02-811f-8bc98d2e2072,,,2.0,Radeon HD 7750,,Black / Red,55.0,124
10d1b490-3c0f-41c9-b6e0-768b5563be35,630.0,,2.0,FirePro W4100,171.0,Black / Red,50.0,144
f1708d09-c8f6-4898-8e73-86045f9b03a8,954.0,,2.0,GeForce GT 710,115.0,Black,25.0,58
118e4a5c-9afc-4f80-b95d-e62993023ac8,1740.0,1815.0,4.0,GeForce GTX 1630,174.0,Black,,67
2a55b987-c6ea-412b-baf8-edb3ad71f1a6,1410.0,1710.0,4.0,GeForce GTX 1650 G6,202.0,Black,,28
3d5d71ce-085e-4173-9709-4315616445fc,1650.0,1830.0,8.0,GeForce RTX 2080 SUPER,266.0,Transparent / Black,250.0,62
2576188c-2652-4dc9-9fb4-a6877c7eb486,1085.0,1150.0,4.0,GeForce GTX 760,292.0,Black,170.0,145
7df022aa-1980-42b0-8b78-7a348535246b,1607.0,1733.0,8.0,GeForce GTX 1080,267.0,Black / Red,180.0,66
f3908fc4-ceae-4d1f-81a5-2ba43df2fcf6,1203.0,1405.0,2.0,GeForce GTX 950,257.0,Black,90.0,146
c0f09989-c104-4600-94c4-8dae260c7faf,902.0,,2.0,GeForce GT 730,137.0,Black,49.0,40
d8950251-9670-4df5-94f7-57e7eca2f507,,,6.0,Quadro 6000,,Black / Silver,204.0,147
5e5313cf-a5d0-430a-8b65-25ba106d8c9b,625.0,,1.0,Quadro 2000D,178.0,Black / Green,,148
4a2d7d1b-c7f9-40e4-aa4e-15a8819f9bb0,,,2.0,Quadro 4000,,Black / Silver,142.0,149
41e0c96c-238f-4d15-8e89-1c5e56ac3586,861.0,1038.0,8.0,Quadro M5000,267.0,Black / Green,150.0,150
42843d13-0fe1-47e1-842b-a478a3394c2a,954.0,,1.0,GeForce GT 710,129.0,Black,25.0,58
7fe17bfc-20a8-4716-b24d-4c94e99f11ca,520.0,,1.0,GeForce 8400 GS,158.0,Black / Green,40.0,151
f26110c8-2685-4494-ab53-011449aad2f5,954.0,,1.0,GeForce GT 710,115.0,Black,25.0,58
ff99c7f6-3b0e-453c-9ce5-a304949d073d,800.0,,1.0,Radeon HD 6670,198.0,Black / Silver,66.0,152
1acc54e4-021e-4f63-9093-5757aa425731,,,2.5,Quadro 5000,,Black / Silver,152.0,153
4b8d80a5-ebc3-41dc-b8de-d72225cbcdc1,1607.0,1845.0,4.0,Radeon RX 5500 XT,281.0,Black,130.0,80
49861950-074a-4bc5-9944-59c7bbe85ecb,876.0,,1.0,Quadro K600,160.0,Black / Green,41.0,130
a1579d02-c7fb-41a8-b216-b00e20066746,1059.0,,2.0,GeForce GT 740,153.0,Black / White,64.0,154
4b7bc595-98c2-46f2-9296-f93c8b3bbb8e,600.0,,0.5,FirePro 2270,170.0,Black / Red,17.0,155
4c2dd1ce-562c-4a9d-b038-1b9dd8e8bf3d,1290.0,1544.0,2.0,GeForce GT 1030,145.0,,30.0,51
74ae1a11-5660-4437-bd24-bd9e0bbf5a50,575.0,,0.5,Radeon HD 4350,,,20.0,156
7a2e54a4-57ea-45a3-99a5-cc9d40127390,520.0,,0.5,GeForce 8400 GS,,Black / Blue,40.0,151
83e9aee4-1c2f-42d3-8c73-e3db3d3c358d,630.0,,2.0,FirePro W2100,,Black / Red,26.0,157
c501c73e-d200-4b06-801c-348247b2151a,,,0.5,Quadro 400,,Black / Green,32.0,158
2604cf4e-d063-49b1-a5eb-10eb80a1d0ea,1350.0,1635.0,11.0,GeForce RTX 2080 Ti,302.0,Black / Silver,250.0,55
8b6a743e-08b9-460c-920a-8944ee34522d,954.0,,2.0,Quadro K2000,202.0,Black / Green,51.0,143
2782640b-1a25-427f-b7bb-fd08dbb4d525,675.0,,1.0,GeForce GTS 250,241.0,Black / Green,150.0,159
2b3190a9-e973-44fb-b561-c45f72c57778,930.0,,16.0,FirePro W9100,275.0,Black / Red,275.0,160
7894ad1a-3485-4915-921b-816bd2ebe97a,550.0,,1.0,GeForce 9500 GT,167.0,Black / Green,50.0,161
d42c30fe-ed55-4bdc-826d-e95f255ad880,600.0,,0.5,FirePro 2270,170.0,Black / Red,17.0,155
c3a38d00-2a2e-48cd-b38b-0e8b0493d8c2,975.0,,6.0,FirePro W9000,279.0,Black / Red,274.0,162
1203abb0-a4a5-4627-9810-2d13be040ebd,810.0,,1.0,GeForce GT 610,144.0,Black,29.0,163
45882631-6271-439d-93e5-532cb2fbab97,1058.0,1124.0,4.0,Quadro K1200,160.0,Black / Green,45.0,141
5dc6b91c-ecd7-4cdf-a42d-363ac27dca47,900.0,,16.0,FirePro S9150,267.0,Black / White,,164
1a72740b-fd4c-4eb8-8afc-09e02edd49be,,,0.5,FirePro 2460,,Black / Red,17.0,165
4772532a-b471-4d36-a0f6-40185a5315fe,625.0,,0.5,Radeon HD 6450,177.0,Red / Silver,18.0,166
7588d65d-6247-4d17-9e5b-2a7f27fc57a8,650.0,,0.5,FirePro V3800,168.0,Black / Red,,167
72fe566c-a9af-402b-a0ff-cafd900de9f1,1410.0,1695.0,8.0,GeForce RTX 3060 Ti LHR,301.0,Black,,30
e57d132c-4948-405d-b039-2fd94af16374,750.0,,1.0,Radeon HD 4670,,Black,59.0,131
61d5191f-b99a-4da0-9495-4726237f2b22,650.0,,0.5,Radeon HD 5450,,Black / Red,19.1,78
3699bfe5-5c6f-4f22-b756-03066f4a2852,902.0,,1.0,GeForce GT 730,137.0,Black / Blue,49.0,40
b7576591-7e47-4502-af49-8348d7354799,900.0,,12.0,FirePro S9050,254.0,Black / Silver,,168
96e18365-c8f6-4314-aa02-db47d9c462f8,550.0,,0.5,Quadro NVS 450,,Black / Green,,169
b5535328-97b6-4e92-94b6-9ab41f46f6ff,1000.0,1075.0,12.0,GeForce GTX Titan X,282.0,Black / Silver,,115
18f5c745-1ac2-4503-8493-1f14f36546a8,,,0.5,GeForce 9400 GT,,Blue / White,50.0,170
ad452d09-dbf5-4598-89e0-84e729196cb1,1550.0,1830.0,8.0,GeForce RTX 3050 8GB,240.0,Black,,34
4ca2965a-9144-481d-b018-40a1b139f7ae,650.0,,1.0,Radeon HD 5450,,Black / Red,19.1,78
2c834747-3084-4ab3-8d46-4b30f1b29306,675.0,,0.75,GeForce GTX 460,209.0,,150.0,171
1b464ef6-aa57-42af-ad32-e6a21a6ce70c,650.0,,1.0,Radeon HD 5450,182.0,Blue / Silver,19.1,78
d799c89f-1ab6-4414-b8fc-db48882637f7,,,1.0,Radeon HD 7750,170.0,Black / Red,55.0,124
742c4a06-9059-48d4-be4c-4f5e82774180,1304.0,1418.0,4.0,GeForce GTX 980,279.0,Black / Silver,165.0,172
eb4daceb-554e-4dba-b85e-4531ee1b922f,,,1.0,GeForce 9400 GT,,,50.0,170
457bd37a-62f6-4e62-9814-5670268970cf,825.0,,2.0,FirePro W5000,183.0,Black / Red,75.0,173
b6346f4f-50e7-43e1-be87-50f77e111674,950.0,,4.0,FirePro S7000,292.0,Black / Silver,150.0,174
75719f2c-e4d9-4f7b-8ff6-3ab8f0b545c1,706.0,,0.5,Quadro 410,176.0,Black / Green,38.0,175
3aa87c00-afe1-4677-a3dc-e91b6d5d83c2,876.0,,1.0,Quadro K420,160.0,Black / Green,41.0,106
cfddb668-c1bb-4f48-ac6e-f926ed844b56,800.0,,3.0,Radeon HD 7950,266.0,Black / Silver,,176
f7c76b6f-9a20-432c-aa62-f92246f0f7b1,706.0,,4.0,Quadro K5000,267.0,Black,122.0,177
b55f3ba7-49b8-4019-9049-a668389cf75b,950.0,,4.0,FirePro W7000,242.0,Black / Red,150.0,178
31cf694f-4d76-482f-a4e7-fe2ae17e0b79,,,0.5,FirePro 2450,,Black / Red,36.0,179
2c876511-5a21-4c9b-ae2f-e393dc0f3c1b,2050.0,,8.0,Arc A750,267.0,Black,,23
d5451c60-1cb6-4cfc-8042-d9c337e0a62f,600.0,,2.0,FirePro W600,163.0,Black / Red,75.0,180
df9c7f6a-88a9-471d-a2cf-42c11c047fe0,1200.0,1530.0,8.0,Radeon Pro WX 8200,267.0,Blue,230.0,181
b87572a9-e868-4a53-bedf-0a46b1380e0c,901.0,,2.0,GeForce GT 640,170.0,Black,65.0,182
670b7de2-958e-4efe-87a5-1800d44c7376,725.0,,2.0,FirePro V7900 SDI,279.0,Black / Red,,183
048f7090-3836-4064-a774-10fc4f2581c9,1100.0,1071.0,4.0,Radeon RX 550 - 512,184.0,Red,,60
2d61b20f-e37c-4cf9-b365-c000d336e6b9,600.0,,0.5,FirePro 2450,168.0,Black / Red,36.0,179
d2b64513-5e98-40e6-8ef0-6fb368276c56,,,0.5,FirePro V5700,,Black / Red,,184
63cc67cf-5ac5-4051-9aaa-028e0c8e951d,954.0,,2.0,Quadro K2000,202.0,Black / Green,51.0,143
322fa494-0e72-4f2e-8ca9-7911db738d40,1320.0,1777.0,8.0,GeForce RTX 3050 8GB,240.0,Black,,34
79678da8-7fff-401a-b54b-125010028a20,,,2.0,Quadro K2000,203.0,Black / Green,51.0,143
77fa321d-cd59-4320-9c60-430a250349e0,,,2.0,Quadro K2000D,198.0,Black / Green,51.0,185
543b9b7b-faca-49b9-81ff-3234c89c3639,600.0,,0.5,FirePro 2460,170.0,Black / Red,17.0,165
90c3e566-71a3-46e2-b88f-805f23bbbc38,,,2.0,Quadro 4000,,Black / Silver,142.0,149
e4dc29ef-ead2-489b-bb62-4fef99ceb591,930.0,,4.0,FirePro W5100,171.0,Black / Red,75.0,186
8c10d628-784e-4d05-ab7c-db39efc75c27,1006.0,,2.0,GeForce GTX 680,254.0,Black / Silver,195.0,187
e945b5be-7f05-4ecd-90d7-f7209aad935f,,,1.0,FirePro V3900,,Black / Red,50.0,188
1821061a-5f5b-4d9c-b1de-4282c270dfa5,915.0,,2.0,GeForce GTX 670,240.0,Black,170.0,189
698317b3-3312-4deb-8724-c9f12387e714,700.0,,1.0,GeForce GT 620,144.0,Black / Green,30.0,190
3162f381-70a4-4eee-9608-eb82cddac633,800.0,,0.5,FirePro RG220A,168.0,Black / Red,,191
e99f0b57-bd3a-47e8-9710-f91b328b325a,825.0,,2.0,FirePro W5000,191.0,Black / Red,75.0,173
a99d85d6-7bdf-4451-b107-d649b356b4f3,950.0,,4.0,FirePro W7000,242.0,Black / Red,150.0,178
ed305c83-9177-4f33-9ccc-6ba8c7eff825,825.0,,2.0,FirePro V8800,267.0,Black / Red,,192
2396f570-d149-4ac7-893d-69dc2ab0502e,850.0,1000.0,3.0,Radeon R9 280X,265.0,Black / Red,250.0,193
fee8d4dd-ab14-4aa7-81fd-a1d0c10f6cfb,725.0,,2.0,FirePro V7900 SDI,279.0,Black / Red,,183
da1a32b7-8cdb-4562-9c41-e160dd5168a4,810.0,,3.0,Quadro K4000,241.0,Black / Silver,80.0,139
14c378ba-061a-4908-9af0-6c73dabc13ea,,,0.5,Quadro NVS 450,,Black / Green,,169
297157bb-ba0a-49d3-8875-2708f833bf84,520.0,,1.0,GeForce 8400 GS,158.0,Black / Green,40.0,151
ae4b46cf-7a15-43d1-b08a-a3e6e0e396cd,925.0,,3.0,Radeon HD 7970,274.0,Black / Red,,100
c351ce63-4a11-42b2-856f-615dbac0adef,900.0,,4.0,FirePro W8000,279.0,Black / Red,189.0,194
